date,merchant,category,amount,is_anomaly
2025-01-01,Misc,Other,580.38,0
2025-01-01,Jio Fiber,Utilities,2325.1,0
2025-01-01,Flipkart,Shopping,7248.59,0
2025-01-01,Swiggy,Food,418.81,0
2025-01-01,Hardware Store,Other,1315.74,0
2025-01-01,McDonalds,Food,1049.57,0
2025-01-01,Flipkart,Shopping,994.31,0
2025-01-01,Electricity Board,Utilities,1755.76,0
2025-01-01,Zomato,Food,497.39,0
2025-01-01,Landlord,Rent,30000.0,0
2025-01-01,MakeMyTrip,Travel,851.78,1
2025-01-01,Apple Store,Shopping,2752.26,0
2025-01-01,Water Bill,Utilities,2600.21,0
2025-01-02,Jio Fiber,Utilities,2240.37,0
2025-01-02,MakeMyTrip,Travel,800.93,0
2025-01-02,Water Bill,Utilities,1098.07,0
2025-01-02,H&M,Shopping,5468.34,0
2025-01-02,BookMyShow,Entertainment,1843.04,0
2025-01-02,Hardware Store,Other,178.08,0
2025-01-03,Zomato,Food,1130.98,0
2025-01-03,Landlord,Rent,30000.0,0
2025-01-03,Uber,Travel,156.43,0
2025-01-03,Starbucks,Food,190.87,0
2025-01-03,Spotify,Entertainment,50.0,0
2025-01-04,H&M,Shopping,1750.67,0
2025-01-04,Apple Store,Shopping,1375.59,0
2025-01-04,Jio Fiber,Utilities,1186.23,0
2025-01-04,IRCTC,Travel,850.43,0
2025-01-04,Local Grocery,Food,94.44,0
2025-01-04,Swiggy,Food,592.03,0
2025-01-04,Pharmacy,Other,601.94,0
2025-01-04,Zomato,Food,831.29,0
2025-01-05,Ola,Travel,680.87,0
2025-01-05,Local Grocery,Food,50.0,0
2025-01-05,McDonalds,Food,870.49,0
2025-01-06,Amazon,Shopping,50.0,0
2025-01-06,Water Bill,Utilities,2119.39,0
2025-01-06,MakeMyTrip,Travel,839.65,0
2025-01-06,Pharmacy,Other,1485.48,0
2025-01-06,Jio Fiber,Utilities,2581.42,0
2025-01-06,Myntra,Shopping,3869.19,0
2025-01-06,IRCTC,Travel,50.0,0
2025-01-06,Landlord,Rent,30000.0,0
2025-01-06,Amazon,Shopping,200.96,0
2025-01-07,Local Grocery,Food,471.8,0
2025-01-07,McDonalds,Food,50.0,0
2025-01-07,Ola,Travel,1077.06,0
2025-01-07,Indigo Airlines,Travel,1426.64,0
2025-01-07,MakeMyTrip,Travel,11236.91,1
2025-01-07,McDonalds,Food,50.0,0
2025-01-07,Water Bill,Utilities,1899.25,0
2025-01-07,H&M,Shopping,2538.69,0
2025-01-07,Water Bill,Utilities,1882.93,0
2025-01-08,Misc,Other,1896.82,0
2025-01-08,Ola,Travel,1248.59,0
2025-01-08,Uber,Travel,50.0,0
2025-01-08,Indigo Airlines,Travel,1493.12,0
2025-01-08,Petrol Pump,Travel,839.91,0
2025-01-08,H&M,Shopping,3127.22,0
2025-01-08,Steam,Entertainment,1866.15,0
2025-01-08,Misc,Other,291.8,0
2025-01-08,Netflix,Entertainment,1131.81,0
2025-01-08,PVR Cinemas,Entertainment,1156.39,0
2025-01-08,BookMyShow,Entertainment,2208.92,0
2025-01-09,Zara,Shopping,4156.48,0
2025-01-09,Zomato,Food,50.0,0
2025-01-09,Hardware Store,Other,50.0,0
2025-01-09,Water Bill,Utilities,2459.58,0
2025-01-09,McDonalds,Food,1797.24,0
2025-01-09,Local Grocery,Food,753.17,0
2025-01-09,Swiggy,Food,3303.83,1
2025-01-09,IRCTC,Travel,1190.84,0
2025-01-09,Swiggy,Food,1373.64,0
2025-01-09,McDonalds,Food,333.52,0
2025-01-09,Pharmacy,Other,1342.65,0
2025-01-09,Myntra,Shopping,2867.2,0
2025-01-09,H&M,Shopping,6153.8,0
2025-01-10,Flipkart,Shopping,1619.44,0
2025-01-10,Society Maintenance,Rent,30000.0,0
2025-01-10,Indigo Airlines,Travel,1043.84,0
2025-01-10,McDonalds,Food,1261.65,0
2025-01-10,Flipkart,Shopping,6279.96,0
2025-01-10,McDonalds,Food,1145.48,0
2025-01-11,Flipkart,Shopping,6692.34,0
2025-01-11,Water Bill,Utilities,2837.25,0
2025-01-11,BookMyShow,Entertainment,307.06,0
2025-01-11,Apple Store,Shopping,4302.81,0
2025-01-11,Swiggy,Food,802.6,0
2025-01-11,Local Grocery,Food,793.86,0
2025-01-11,Starbucks,Food,611.63,0
2025-01-11,Society Maintenance,Rent,30000.0,0
2025-01-12,Apple Store,Shopping,3650.7,0
2025-01-12,Spotify,Entertainment,533.79,0
2025-01-12,Myntra,Shopping,2018.82,0
2025-01-12,Starbucks,Food,354.56,0
2025-01-12,H&M,Shopping,50.0,0
2025-01-12,Starbucks,Food,305.15,0
2025-01-12,Zomato,Food,423.64,0
2025-01-12,Swiggy,Food,178.01,0
2025-01-12,Netflix,Entertainment,1300.56,0
2025-01-12,Uber,Travel,61.44,0
2025-01-12,Zomato,Food,722.49,0
2025-01-12,Indigo Airlines,Travel,317.57,0
2025-01-12,Pharmacy,Other,738.39,0
2025-01-12,Petrol Pump,Travel,392.82,0
2025-01-13,Apple Store,Shopping,2651.38,0
2025-01-13,MakeMyTrip,Travel,746.03,0
2025-01-13,Netflix,Entertainment,1754.23,0
2025-01-13,Supermart,Food,867.33,0
2025-01-13,McDonalds,Food,518.4,0
2025-01-13,Zomato,Food,712.41,0
2025-01-13,Supermart,Food,838.75,0
2025-01-13,H&M,Shopping,50.0,0
2025-01-13,Steam,Entertainment,881.92,0
2025-01-13,Supermart,Food,679.69,0
2025-01-13,Water Bill,Utilities,2223.44,0
2025-01-13,Supermart,Food,381.01,0
2025-01-13,McDonalds,Food,507.37,0
2025-01-13,Local Grocery,Food,557.96,0
2025-01-13,Airtel,Utilities,1616.1,0
2025-01-13,McDonalds,Food,650.92,0
2025-01-13,Supermart,Food,50.0,0
2025-01-14,Petrol Pump,Travel,50.0,0
2025-01-14,McDonalds,Food,255.45,0
2025-01-14,Zomato,Food,467.76,0
2025-01-14,Electricity Board,Utilities,2003.53,0
2025-01-14,Spotify,Entertainment,1334.72,0
2025-01-14,Swiggy,Food,50.0,0
2025-01-14,Supermart,Food,1024.08,0
2025-01-14,Uber,Travel,831.66,0
2025-01-14,MakeMyTrip,Travel,1087.39,0
2025-01-15,Zomato,Food,50.0,0
2025-01-15,Petrol Pump,Travel,1396.94,0
2025-01-15,Zara,Shopping,52172.89,1
2025-01-16,Pharmacy,Other,1489.34,0
2025-01-16,Indigo Airlines,Travel,1687.36,0
2025-01-16,H&M,Shopping,1762.59,0
2025-01-16,McDonalds,Food,50.0,0
2025-01-16,Starbucks,Food,824.56,0
2025-01-16,Amazon,Shopping,1417.8,0
2025-01-16,Swiggy,Food,306.87,0
2025-01-16,Swiggy,Food,258.41,0
2025-01-16,Local Grocery,Food,50.0,0
2025-01-16,Landlord,Rent,30000.0,0
2025-01-17,Zomato,Food,755.44,0
2025-01-17,MakeMyTrip,Travel,1277.44,0
2025-01-17,Supermart,Food,426.46,0
2025-01-17,Netflix,Entertainment,114.27,0
2025-01-17,Local Grocery,Food,326.98,0
2025-01-17,Steam,Entertainment,380.31,0
2025-01-17,Local Grocery,Food,50.0,0
2025-01-17,Zomato,Food,345.87,0
2025-01-17,Zomato,Food,350.87,0
2025-01-17,Flipkart,Shopping,3519.51,0
2025-01-17,Indigo Airlines,Travel,212.19,0
2025-01-17,Landlord,Rent,203823.86,1
2025-01-17,IRCTC,Travel,6082.39,1
2025-01-17,Amazon,Shopping,6090.33,0
2025-01-17,Supermart,Food,443.14,0
2025-01-18,Swiggy,Food,963.44,0
2025-01-18,Jio Fiber,Utilities,2296.28,0
2025-01-18,Pharmacy,Other,50.0,0
2025-01-18,Water Bill,Utilities,2422.39,0
2025-01-18,Supermart,Food,461.35,0
2025-01-19,Uber,Travel,416.26,0
2025-01-19,Pharmacy,Other,50.0,0
2025-01-19,Supermart,Food,386.71,0
2025-01-19,Pharmacy,Other,2054.08,0
2025-01-19,Uber,Travel,312.26,0
2025-01-20,Uber,Travel,50.0,0
2025-01-20,Supermart,Food,50.0,0
2025-01-20,Local Grocery,Food,387.73,0
2025-01-20,Swiggy,Food,848.93,0
2025-01-20,Society Maintenance,Rent,30000.0,0
2025-01-20,Flipkart,Shopping,588.66,0
2025-01-20,Starbucks,Food,1330.03,0
2025-01-20,Indigo Airlines,Travel,940.81,0
2025-01-20,IRCTC,Travel,736.02,0
2025-01-20,Amazon,Shopping,3242.49,0
2025-01-21,Apple Store,Shopping,1102.17,0
2025-01-21,Apple Store,Shopping,5656.64,0
2025-01-21,Myntra,Shopping,3925.15,0
2025-01-21,Zara,Shopping,4687.05,0
2025-01-21,Electricity Board,Utilities,2191.49,0
2025-01-21,Society Maintenance,Rent,30000.0,0
2025-01-21,Landlord,Rent,30000.0,0
2025-01-21,McDonalds,Food,50.0,0
2025-01-21,Zomato,Food,1011.38,0
2025-01-21,Ola,Travel,959.22,0
2025-01-21,Starbucks,Food,50.0,0
2025-01-21,Uber,Travel,525.77,0
2025-01-22,Zomato,Food,1097.08,0
2025-01-22,Flipkart,Shopping,50.0,0
2025-01-22,Water Bill,Utilities,2215.96,0
2025-01-22,Starbucks,Food,965.27,0
2025-01-22,McDonalds,Food,479.92,0
2025-01-22,Jio Fiber,Utilities,2014.23,0
2025-01-22,Spotify,Entertainment,103.96,0
2025-01-22,McDonalds,Food,468.24,0
2025-01-22,PVR Cinemas,Entertainment,1441.99,0
2025-01-22,Amazon,Shopping,458.29,0
2025-01-22,Hardware Store,Other,1138.54,0
2025-01-22,Electricity Board,Utilities,2091.92,0
2025-01-23,Starbucks,Food,243.41,0
2025-01-23,Zara,Shopping,2152.19,0
2025-01-23,Zara,Shopping,2443.2,0
2025-01-23,Amazon,Shopping,3248.33,0
2025-01-23,Local Grocery,Food,743.66,0
2025-01-24,Jio Fiber,Utilities,2366.25,0
2025-01-24,Supermart,Food,865.43,0
2025-01-24,Hardware Store,Other,1639.95,0
2025-01-24,Myntra,Shopping,3698.17,0
2025-01-24,Uber,Travel,455.85,0
2025-01-24,Flipkart,Shopping,4402.3,0
2025-01-24,Spotify,Entertainment,1529.64,0
2025-01-25,Flipkart,Shopping,473.5,0
2025-01-25,Ola,Travel,1644.2,0
2025-01-25,Zara,Shopping,2717.18,0
2025-01-25,Airtel,Utilities,2207.39,0
2025-01-25,Flipkart,Shopping,6627.32,0
2025-01-25,Myntra,Shopping,6314.49,0
2025-01-25,Water Bill,Utilities,1395.18,0
2025-01-25,Zara,Shopping,845.74,0
2025-01-25,Landlord,Rent,30000.0,0
2025-01-26,Pharmacy,Other,1900.84,0
2025-01-26,Society Maintenance,Rent,30000.0,0
2025-01-26,Supermart,Food,344.92,0
2025-01-26,Swiggy,Food,50.0,0
2025-01-26,Starbucks,Food,299.3,0
2025-01-26,Flipkart,Shopping,5112.89,0
2025-01-26,Flipkart,Shopping,5911.85,0
2025-01-27,Steam,Entertainment,100.29,0
2025-01-27,Swiggy,Food,501.48,0
2025-01-27,Supermart,Food,606.82,0
2025-01-27,Supermart,Food,50.0,0
2025-01-27,PVR Cinemas,Entertainment,555.11,0
2025-01-27,Petrol Pump,Travel,1227.26,0
2025-01-27,Misc,Other,1169.67,0
2025-01-27,Myntra,Shopping,1035.03,0
2025-01-27,Electricity Board,Utilities,1680.52,0
2025-01-28,Water Bill,Utilities,2309.58,0
2025-01-28,Apple Store,Shopping,6627.5,0
2025-01-28,Zomato,Food,656.97,0
2025-01-28,Zomato,Food,707.96,0
2025-01-28,Ola,Travel,638.09,0
2025-01-28,Indigo Airlines,Travel,2953.8,0
2025-01-28,Airtel,Utilities,1705.05,0
2025-01-28,Petrol Pump,Travel,1866.12,0
2025-01-28,McDonalds,Food,379.66,0
2025-01-28,Pharmacy,Other,1456.41,0
2025-01-28,IRCTC,Travel,645.32,0
2025-01-28,McDonalds,Food,689.44,0
2025-01-28,Hardware Store,Other,150.16,0
2025-01-28,Zomato,Food,622.96,0
2025-01-29,Starbucks,Food,1101.37,0
2025-01-29,Society Maintenance,Rent,30000.0,0
2025-01-29,Uber,Travel,977.22,0
2025-01-29,Starbucks,Food,5890.74,1
2025-01-29,Misc,Other,2173.23,0
2025-01-29,PVR Cinemas,Entertainment,1142.16,0
2025-01-29,Petrol Pump,Travel,479.66,0
2025-01-29,Amazon,Shopping,6154.8,0
2025-01-29,Ola,Travel,100.49,0
2025-01-29,Zara,Shopping,1022.8,0
2025-01-29,Starbucks,Food,99.87,0
2025-01-29,Spotify,Entertainment,2930.09,0
2025-01-30,Spotify,Entertainment,1658.54,0
2025-01-30,Myntra,Shopping,50.0,0
2025-01-30,Starbucks,Food,208.8,0
2025-01-30,Jio Fiber,Utilities,2221.5,0
2025-01-30,Ola,Travel,854.24,0
2025-01-30,Water Bill,Utilities,2474.78,0
2025-01-30,Supermart,Food,1100.94,0
2025-01-30,H&M,Shopping,1588.06,0
2025-01-30,Starbucks,Food,129.06,0
2025-01-30,Starbucks,Food,723.08,0
2025-01-30,Swiggy,Food,287.6,0
2025-01-30,Flipkart,Shopping,5988.7,0
2025-01-30,Zomato,Food,518.23,0
2025-01-31,Landlord,Rent,30000.0,0
2025-01-31,Swiggy,Food,700.71,0
2025-01-31,Misc,Other,478.33,0
2025-01-31,Zomato,Food,257.71,0
2025-01-31,Apple Store,Shopping,50.0,0
2025-01-31,Local Grocery,Food,605.61,0
2025-01-31,Zara,Shopping,6737.35,0
2025-01-31,H&M,Shopping,3459.62,0
2025-02-01,Apple Store,Shopping,4353.66,0
2025-02-01,Society Maintenance,Rent,30000.0,0
2025-02-01,Swiggy,Food,450.66,0
2025-02-01,Myntra,Shopping,7071.54,0
2025-02-01,Local Grocery,Food,263.37,0
2025-02-01,H&M,Shopping,6293.49,0
2025-02-01,Society Maintenance,Rent,30000.0,0
2025-02-01,Local Grocery,Food,749.14,0
2025-02-01,Local Grocery,Food,114.32,0
2025-02-01,H&M,Shopping,50.0,0
2025-02-01,Society Maintenance,Rent,30000.0,0
2025-02-01,Myntra,Shopping,763.48,0
2025-02-01,Electricity Board,Utilities,1784.85,0
2025-02-02,Airtel,Utilities,1545.99,0
2025-02-02,Society Maintenance,Rent,30000.0,0
2025-02-02,Zomato,Food,253.46,0
2025-02-02,Ola,Travel,510.57,0
2025-02-02,McDonalds,Food,50.0,0
2025-02-02,Starbucks,Food,481.84,0
2025-02-02,MakeMyTrip,Travel,314.97,0
2025-02-02,McDonalds,Food,50.0,0
2025-02-03,Flipkart,Shopping,801.79,0
2025-02-03,Spotify,Entertainment,2073.18,0
2025-02-03,Apple Store,Shopping,5101.61,0
2025-02-03,Starbucks,Food,921.26,0
2025-02-03,Steam,Entertainment,535.96,0
2025-02-03,Starbucks,Food,488.99,0
2025-02-03,Electricity Board,Utilities,2459.61,0
2025-02-04,Local Grocery,Food,197.29,0
2025-02-04,Hardware Store,Other,709.51,0
2025-02-04,Water Bill,Utilities,1480.73,0
2025-02-04,Starbucks,Food,397.49,0
2025-02-04,Amazon,Shopping,4876.45,0
2025-02-04,Myntra,Shopping,50.0,0
2025-02-04,Starbucks,Food,376.33,0
2025-02-04,Apple Store,Shopping,2601.59,0
2025-02-04,Hardware Store,Other,2222.77,0
2025-02-05,Amazon,Shopping,2522.82,0
2025-02-05,Indigo Airlines,Travel,2039.56,0
2025-02-05,PVR Cinemas,Entertainment,576.76,0
2025-02-05,IRCTC,Travel,536.59,0
2025-02-05,Petrol Pump,Travel,1634.33,0
2025-02-05,Electricity Board,Utilities,1954.73,0
2025-02-05,Water Bill,Utilities,991.33,0
2025-02-05,Steam,Entertainment,50.0,0
2025-02-05,Local Grocery,Food,735.43,0
2025-02-06,Amazon,Shopping,4158.02,0
2025-02-06,Netflix,Entertainment,727.27,0
2025-02-06,Zomato,Food,414.37,0
2025-02-06,Uber,Travel,14995.84,1
2025-02-06,Indigo Airlines,Travel,241.19,0
2025-02-06,BookMyShow,Entertainment,117.43,0
2025-02-06,Hardware Store,Other,5063.51,1
2025-02-06,MakeMyTrip,Travel,50.0,0
2025-02-06,IRCTC,Travel,1126.67,0
2025-02-06,Starbucks,Food,50.0,0
2025-02-06,Local Grocery,Food,520.9,0
2025-02-06,Hardware Store,Other,1349.39,0
2025-02-07,Zara,Shopping,4401.96,0
2025-02-07,Myntra,Shopping,567.33,0
2025-02-07,Jio Fiber,Utilities,1604.76,0
2025-02-07,Supermart,Food,50.0,0
2025-02-07,Local Grocery,Food,50.0,0
2025-02-08,Pharmacy,Other,1061.89,0
2025-02-08,Myntra,Shopping,2016.65,0
2025-02-08,Jio Fiber,Utilities,1738.13,0
2025-02-08,Petrol Pump,Travel,227.26,0
2025-02-08,McDonalds,Food,987.28,0
2025-02-08,BookMyShow,Entertainment,769.07,0
2025-02-09,Landlord,Rent,30000.0,0
2025-02-09,Myntra,Shopping,1772.12,0
2025-02-09,MakeMyTrip,Travel,1025.19,0
2025-02-09,Jio Fiber,Utilities,911.47,0
2025-02-10,MakeMyTrip,Travel,422.49,0
2025-02-10,Landlord,Rent,30000.0,0
2025-02-10,Landlord,Rent,30000.0,0
2025-02-10,Landlord,Rent,30000.0,0
2025-02-10,MakeMyTrip,Travel,172.57,0
2025-02-10,Uber,Travel,208.54,0
2025-02-10,Society Maintenance,Rent,30000.0,0
2025-02-10,MakeMyTrip,Travel,50.0,0
2025-02-10,Jio Fiber,Utilities,2225.3,0
2025-02-10,Amazon,Shopping,2425.5,0
2025-02-10,Misc,Other,1706.93,0
2025-02-10,Landlord,Rent,30000.0,0
2025-02-11,Misc,Other,1125.58,0
2025-02-11,Local Grocery,Food,50.0,0
2025-02-11,McDonalds,Food,931.47,0
2025-02-11,Local Grocery,Food,50.0,0
2025-02-11,Myntra,Shopping,2735.45,0
2025-02-11,Misc,Other,879.81,0
2025-02-11,Swiggy,Food,607.72,0
2025-02-11,Water Bill,Utilities,2192.66,0
2025-02-11,Starbucks,Food,921.46,0
2025-02-11,Landlord,Rent,30000.0,0
2025-02-11,Water Bill,Utilities,1384.57,0
2025-02-11,Apple Store,Shopping,768.03,0
2025-02-12,Starbucks,Food,312.6,0
2025-02-12,H&M,Shopping,1590.69,0
2025-02-12,Supermart,Food,928.77,0
2025-02-12,Netflix,Entertainment,350.08,0
2025-02-12,Swiggy,Food,2393.29,1
2025-02-12,Petrol Pump,Travel,10378.61,1
2025-02-12,Airtel,Utilities,2099.04,0
2025-02-12,IRCTC,Travel,50.0,0
2025-02-12,Landlord,Rent,30000.0,0
2025-02-12,Local Grocery,Food,1194.39,0
2025-02-13,PVR Cinemas,Entertainment,1004.19,0
2025-02-13,Ola,Travel,791.54,0
2025-02-13,Swiggy,Food,1111.21,0
2025-02-13,Supermart,Food,957.5,0
2025-02-13,Amazon,Shopping,4017.63,0
2025-02-13,Electricity Board,Utilities,3007.64,0
2025-02-13,Flipkart,Shopping,7317.41,0
2025-02-13,Starbucks,Food,856.52,0
2025-02-13,BookMyShow,Entertainment,214.01,0
2025-02-13,Zara,Shopping,50.0,0
2025-02-13,Apple Store,Shopping,2194.93,0
2025-02-13,Misc,Other,1280.5,0
2025-02-13,Landlord,Rent,30000.0,0
2025-02-14,Swiggy,Food,236.75,0
2025-02-14,Zomato,Food,519.91,0
2025-02-14,Zara,Shopping,2939.42,0
2025-02-14,Supermart,Food,387.56,0
2025-02-14,Local Grocery,Food,969.09,0
2025-02-14,Pharmacy,Other,916.53,0
2025-02-14,Steam,Entertainment,50.0,0
2025-02-14,Zara,Shopping,2410.72,0
2025-02-14,Starbucks,Food,1091.01,0
2025-02-14,Water Bill,Utilities,2874.79,0
2025-02-14,H&M,Shopping,3238.36,0
2025-02-14,Starbucks,Food,1322.62,0
2025-02-14,Zomato,Food,567.74,0
2025-02-15,IRCTC,Travel,385.35,0
2025-02-15,McDonalds,Food,446.2,0
2025-02-15,Society Maintenance,Rent,30000.0,0
2025-02-15,Amazon,Shopping,1455.87,0
2025-02-15,Amazon,Shopping,1598.1,0
2025-02-15,Netflix,Entertainment,1236.9,0
2025-02-15,Amazon,Shopping,5185.97,0
2025-02-15,Local Grocery,Food,333.35,0
2025-02-16,Misc,Other,988.44,0
2025-02-16,Starbucks,Food,418.21,0
2025-02-16,Supermart,Food,278.54,0
2025-02-16,Ola,Travel,458.68,0
2025-02-16,Local Grocery,Food,754.39,0
2025-02-16,Local Grocery,Food,771.15,0
2025-02-16,Society Maintenance,Rent,30000.0,0
2025-02-16,Spotify,Entertainment,1796.89,0
2025-02-16,Supermart,Food,50.0,0
2025-02-16,Swiggy,Food,942.33,0
2025-02-16,Netflix,Entertainment,1508.14,0
2025-02-17,Amazon,Shopping,3548.26,0
2025-02-17,Hardware Store,Other,2155.01,0
2025-02-17,Indigo Airlines,Travel,85.19,0
2025-02-17,Pharmacy,Other,217.3,0
2025-02-17,Airtel,Utilities,2117.01,0
2025-02-17,Hardware Store,Other,1658.23,0
2025-02-17,Jio Fiber,Utilities,2476.57,0
2025-02-17,Uber,Travel,521.96,0
2025-02-18,Local Grocery,Food,661.49,0
2025-02-18,Myntra,Shopping,2389.61,0
2025-02-18,Misc,Other,1438.66,0
2025-02-18,Supermart,Food,1151.86,0
2025-02-18,Zomato,Food,534.13,0
2025-02-18,Hardware Store,Other,1805.03,0
2025-02-18,Apple Store,Shopping,2365.81,0
2025-02-18,Uber,Travel,687.91,0
2025-02-18,H&M,Shopping,50.0,0
2025-02-18,Hardware Store,Other,352.5,0
2025-02-18,Water Bill,Utilities,2460.9,0
2025-02-19,Myntra,Shopping,1709.89,0
2025-02-19,Petrol Pump,Travel,110.12,0
2025-02-19,MakeMyTrip,Travel,1039.91,0
2025-02-19,Airtel,Utilities,2600.61,0
2025-02-19,Zomato,Food,485.67,0
2025-02-19,McDonalds,Food,505.71,0
2025-02-19,McDonalds,Food,76.31,0
2025-02-19,Uber,Travel,820.12,0
2025-02-19,Zomato,Food,473.57,0
2025-02-19,Zara,Shopping,1989.1,0
2025-02-20,PVR Cinemas,Entertainment,960.43,0
2025-02-20,BookMyShow,Entertainment,324.54,0
2025-02-20,Airtel,Utilities,1872.52,0
2025-02-20,Hardware Store,Other,1173.35,0
2025-02-20,Spotify,Entertainment,1560.56,0
2025-02-20,McDonalds,Food,430.02,0
2025-02-20,Hardware Store,Other,50.0,0
2025-02-20,Supermart,Food,661.69,0
2025-02-20,IRCTC,Travel,1044.86,0
2025-02-20,Petrol Pump,Travel,50.0,0
2025-02-20,IRCTC,Travel,963.65,0
2025-02-20,H&M,Shopping,3491.39,0
2025-02-21,Zomato,Food,878.08,0
2025-02-21,Indigo Airlines,Travel,1295.85,0
2025-02-21,Steam,Entertainment,939.47,0
2025-02-21,Uber,Travel,665.35,0
2025-02-21,Steam,Entertainment,50.0,0
2025-02-21,Supermart,Food,413.62,0
2025-02-21,Local Grocery,Food,486.0,0
2025-02-21,Swiggy,Food,574.64,0
2025-02-21,Jio Fiber,Utilities,2596.56,0
2025-02-22,PVR Cinemas,Entertainment,778.55,0
2025-02-22,Zara,Shopping,337.22,0
2025-02-22,Ola,Travel,409.19,0
2025-02-22,Hardware Store,Other,667.83,0
2025-02-22,Petrol Pump,Travel,1661.61,0
2025-02-22,Swiggy,Food,427.42,0
2025-02-22,Zara,Shopping,7347.25,0
2025-02-22,Misc,Other,2162.09,0
2025-02-22,Electricity Board,Utilities,2614.61,0
2025-02-23,Pharmacy,Other,714.04,0
2025-02-23,Society Maintenance,Rent,30000.0,0
2025-02-23,Local Grocery,Food,235.21,0
2025-02-23,Landlord,Rent,30000.0,0
2025-02-23,PVR Cinemas,Entertainment,1533.05,0
2025-02-23,McDonalds,Food,407.79,0
2025-02-24,BookMyShow,Entertainment,2019.9,0
2025-02-24,Hardware Store,Other,912.31,0
2025-02-24,Local Grocery,Food,898.42,0
2025-02-24,McDonalds,Food,118.67,0
2025-02-24,Airtel,Utilities,2097.19,0
2025-02-24,Supermart,Food,231.01,0
2025-02-25,Starbucks,Food,319.08,0
2025-02-25,Jio Fiber,Utilities,1785.38,0
2025-02-25,McDonalds,Food,416.27,0
2025-02-25,Flipkart,Shopping,2953.23,0
2025-02-25,Zara,Shopping,5491.43,0
2025-02-25,Starbucks,Food,50.0,0
2025-02-25,Swiggy,Food,676.01,0
2025-02-25,Apple Store,Shopping,3790.39,0
2025-02-25,Zomato,Food,428.36,0
2025-02-25,Ola,Travel,298.77,0
2025-02-25,Misc,Other,1534.92,0
2025-02-25,Society Maintenance,Rent,30000.0,0
2025-02-25,Swiggy,Food,718.31,0
2025-02-25,Starbucks,Food,258.1,0
2025-02-26,McDonalds,Food,1367.97,0
2025-02-26,Myntra,Shopping,3901.62,0
2025-02-26,Landlord,Rent,30000.0,0
2025-02-26,Water Bill,Utilities,2343.03,0
2025-02-26,H&M,Shopping,4252.29,0
2025-02-26,Uber,Travel,50.0,0
2025-02-27,Indigo Airlines,Travel,511.72,0
2025-02-27,Water Bill,Utilities,1876.24,0
2025-02-27,Ola,Travel,2518.71,0
2025-02-27,Swiggy,Food,150.23,0
2025-02-27,Zara,Shopping,2699.05,0
2025-02-28,Flipkart,Shopping,3910.35,0
2025-02-28,Spotify,Entertainment,1312.56,0
2025-02-28,Airtel,Utilities,2329.27,0
2025-02-28,Pharmacy,Other,970.22,0
2025-02-28,Supermart,Food,1028.17,0
2025-02-28,Starbucks,Food,50.0,0
2025-02-28,H&M,Shopping,2137.09,0
2025-02-28,Uber,Travel,1187.28,0
2025-02-28,H&M,Shopping,4010.74,0
2025-03-01,Indigo Airlines,Travel,1031.88,0
2025-03-01,Zomato,Food,96.58,0
2025-03-01,Uber,Travel,227.1,0
2025-03-01,Petrol Pump,Travel,115.71,0
2025-03-01,Zara,Shopping,5484.46,0
2025-03-02,Flipkart,Shopping,3363.8,0
2025-03-02,Misc,Other,266.98,0
2025-03-02,Netflix,Entertainment,809.51,0
2025-03-02,Pharmacy,Other,50.0,0
2025-03-02,Electricity Board,Utilities,2446.03,0
2025-03-02,Uber,Travel,571.78,0
2025-03-02,Pharmacy,Other,993.62,0
2025-03-02,Apple Store,Shopping,2856.52,0
2025-03-02,McDonalds,Food,407.57,0
2025-03-02,Spotify,Entertainment,541.12,0
2025-03-02,Supermart,Food,980.21,0
2025-03-02,McDonalds,Food,567.21,0
2025-03-02,Local Grocery,Food,852.46,0
2025-03-02,Zomato,Food,379.56,0
2025-03-03,BookMyShow,Entertainment,1828.87,0
2025-03-03,Local Grocery,Food,953.51,0
2025-03-03,Amazon,Shopping,2806.95,0
2025-03-03,Pharmacy,Other,50.0,0
2025-03-03,Swiggy,Food,52.18,0
2025-03-03,Supermart,Food,50.0,0
2025-03-03,Indigo Airlines,Travel,1429.72,0
2025-03-03,MakeMyTrip,Travel,1105.18,0
2025-03-04,Misc,Other,50.0,0
2025-03-04,H&M,Shopping,28818.1,1
2025-03-04,Myntra,Shopping,3021.39,0
2025-03-04,Netflix,Entertainment,1626.1,0
2025-03-04,Airtel,Utilities,1777.25,0
2025-03-04,Local Grocery,Food,257.25,0
2025-03-04,Ola,Travel,511.95,0
2025-03-04,Apple Store,Shopping,3796.3,0
2025-03-05,Swiggy,Food,768.36,0
2025-03-05,Zomato,Food,120.66,0
2025-03-05,McDonalds,Food,757.81,0
2025-03-05,Uber,Travel,647.37,0
2025-03-05,Flipkart,Shopping,1972.96,0
2025-03-05,Steam,Entertainment,526.08,0
2025-03-05,H&M,Shopping,3730.48,0
2025-03-05,PVR Cinemas,Entertainment,455.16,0
2025-03-05,Misc,Other,1899.48,0
2025-03-05,Water Bill,Utilities,1570.82,0
2025-03-05,Petrol Pump,Travel,1516.47,0
2025-03-05,Zara,Shopping,3609.22,0
2025-03-06,Myntra,Shopping,1386.07,0
2025-03-06,Starbucks,Food,1421.46,0
2025-03-06,Apple Store,Shopping,6067.33,0
2025-03-06,Spotify,Entertainment,714.66,0
2025-03-06,Flipkart,Shopping,2384.04,0
2025-03-06,Airtel,Utilities,2876.14,0
2025-03-06,IRCTC,Travel,947.98,0
2025-03-06,Apple Store,Shopping,1879.44,0
2025-03-07,Starbucks,Food,847.51,0
2025-03-07,Petrol Pump,Travel,751.96,0
2025-03-07,Local Grocery,Food,50.0,0
2025-03-07,Ola,Travel,599.24,0
2025-03-07,Misc,Other,50.0,0
2025-03-07,MakeMyTrip,Travel,50.0,0
2025-03-07,Electricity Board,Utilities,2631.29,0
2025-03-07,Ola,Travel,1133.45,0
2025-03-07,Amazon,Shopping,2171.73,0
2025-03-07,Flipkart,Shopping,2133.93,0
2025-03-08,IRCTC,Travel,521.71,0
2025-03-08,Jio Fiber,Utilities,2691.08,0
2025-03-08,Pharmacy,Other,1750.33,0
2025-03-08,H&M,Shopping,50.0,0
2025-03-08,Jio Fiber,Utilities,2961.72,0
2025-03-08,Swiggy,Food,1112.3,0
2025-03-08,H&M,Shopping,9029.49,1
2025-03-08,Electricity Board,Utilities,3568.87,0
2025-03-08,Water Bill,Utilities,1169.46,0
2025-03-08,IRCTC,Travel,880.97,0
2025-03-09,Apple Store,Shopping,2905.91,0
2025-03-09,McDonalds,Food,148.81,0
2025-03-09,Zomato,Food,589.3,0
2025-03-09,Petrol Pump,Travel,888.32,0
2025-03-09,Zara,Shopping,5203.52,0
2025-03-09,Zara,Shopping,6228.18,0
2025-03-09,McDonalds,Food,412.45,0
2025-03-09,Landlord,Rent,30000.0,0
2025-03-09,McDonalds,Food,50.0,0
2025-03-09,IRCTC,Travel,1243.56,0
2025-03-09,Amazon,Shopping,4958.97,0
2025-03-09,Starbucks,Food,351.77,0
2025-03-10,McDonalds,Food,890.12,0
2025-03-10,Zomato,Food,1456.84,0
2025-03-10,Pharmacy,Other,65.78,0
2025-03-10,Flipkart,Shopping,1760.3,0
2025-03-10,Amazon,Shopping,269.7,0
2025-03-10,IRCTC,Travel,671.97,0
2025-03-10,Local Grocery,Food,132.54,0
2025-03-10,MakeMyTrip,Travel,1141.11,0
2025-03-10,Jio Fiber,Utilities,2478.35,0
2025-03-10,Jio Fiber,Utilities,2270.45,0
2025-03-10,Ola,Travel,1128.14,0
2025-03-10,Zomato,Food,642.81,0
2025-03-10,Pharmacy,Other,319.57,0
2025-03-10,Apple Store,Shopping,4294.99,0
2025-03-10,Zara,Shopping,2721.93,0
2025-03-10,Starbucks,Food,50.0,0
2025-03-11,Zomato,Food,1180.89,0
2025-03-11,Myntra,Shopping,5437.8,0
2025-03-11,H&M,Shopping,308.3,0
2025-03-11,Amazon,Shopping,5345.71,0
2025-03-11,Jio Fiber,Utilities,1439.38,0
2025-03-12,Flipkart,Shopping,1976.79,0
2025-03-12,Local Grocery,Food,289.65,0
2025-03-12,Swiggy,Food,900.73,0
2025-03-12,Starbucks,Food,50.0,0
2025-03-13,Uber,Travel,1637.64,0
2025-03-13,Society Maintenance,Rent,30000.0,0
2025-03-13,Ola,Travel,1589.45,0
2025-03-13,Starbucks,Food,161.46,0
2025-03-13,Starbucks,Food,129.83,0
2025-03-13,Swiggy,Food,313.71,0
2025-03-13,Zara,Shopping,2936.06,0
2025-03-13,Apple Store,Shopping,1819.77,0
2025-03-14,Uber,Travel,1224.21,0
2025-03-14,Swiggy,Food,614.78,0
2025-03-14,Ola,Travel,347.14,0
2025-03-14,Amazon,Shopping,4852.06,0
2025-03-14,Myntra,Shopping,50.0,0
2025-03-14,Jio Fiber,Utilities,1634.18,0
2025-03-14,IRCTC,Travel,50.0,0
2025-03-14,Flipkart,Shopping,9317.33,0
2025-03-14,Swiggy,Food,857.97,0
2025-03-14,Spotify,Entertainment,328.89,0
2025-03-14,IRCTC,Travel,345.44,0
2025-03-15,Ola,Travel,406.4,0
2025-03-15,Spotify,Entertainment,964.09,0
2025-03-15,McDonalds,Food,183.64,0
2025-03-16,Zomato,Food,709.13,0
2025-03-16,Zara,Shopping,880.92,0
2025-03-16,Jio Fiber,Utilities,1420.82,0
2025-03-16,Starbucks,Food,1679.64,0
2025-03-16,Jio Fiber,Utilities,1709.99,0
2025-03-16,Zomato,Food,963.63,0
2025-03-16,Myntra,Shopping,50.0,0
2025-03-16,IRCTC,Travel,2261.86,0
2025-03-16,Ola,Travel,353.2,0
2025-03-16,Starbucks,Food,800.55,0
2025-03-17,Zomato,Food,769.27,0
2025-03-17,PVR Cinemas,Entertainment,50.0,0
2025-03-17,Amazon,Shopping,6377.13,0
2025-03-17,Petrol Pump,Travel,1379.03,0
2025-03-17,Starbucks,Food,758.15,0
2025-03-17,H&M,Shopping,5155.98,0
2025-03-17,Apple Store,Shopping,50.0,0
2025-03-17,Starbucks,Food,817.27,0
2025-03-17,H&M,Shopping,3400.05,0
2025-03-17,Local Grocery,Food,557.22,0
2025-03-18,Local Grocery,Food,371.73,0
2025-03-18,Swiggy,Food,50.0,0
2025-03-18,Uber,Travel,291.98,0
2025-03-18,Swiggy,Food,577.94,0
2025-03-18,Myntra,Shopping,6237.46,0
2025-03-18,Society Maintenance,Rent,30000.0,0
2025-03-18,Supermart,Food,542.98,0
2025-03-18,Netflix,Entertainment,1223.22,0
2025-03-18,MakeMyTrip,Travel,1964.61,0
2025-03-18,Petrol Pump,Travel,1183.09,0
2025-03-18,McDonalds,Food,692.99,0
2025-03-18,Zomato,Food,548.8,0
2025-03-19,Zomato,Food,531.26,0
2025-03-19,Landlord,Rent,30000.0,0
2025-03-19,Amazon,Shopping,1093.19,0
2025-03-19,Jio Fiber,Utilities,1988.86,0
2025-03-19,Zomato,Food,788.59,0
2025-03-19,H&M,Shopping,1307.69,0
2025-03-19,Water Bill,Utilities,1784.19,0
2025-03-20,Starbucks,Food,1145.91,0
2025-03-20,McDonalds,Food,280.18,0
2025-03-20,Hardware Store,Other,731.89,0
2025-03-20,McDonalds,Food,50.0,0
2025-03-20,Electricity Board,Utilities,1044.34,0
2025-03-20,Petrol Pump,Travel,1937.27,0
2025-03-20,Hardware Store,Other,50.0,0
2025-03-20,Zomato,Food,624.44,0
2025-03-20,Swiggy,Food,629.74,0
2025-03-20,Starbucks,Food,409.41,0
2025-03-20,Indigo Airlines,Travel,1160.11,0
2025-03-20,Netflix,Entertainment,280.97,0
2025-03-20,McDonalds,Food,946.96,0
2025-03-20,Society Maintenance,Rent,30000.0,0
2025-03-20,Zomato,Food,663.22,0
2025-03-21,BookMyShow,Entertainment,2610.71,0
2025-03-21,McDonalds,Food,266.22,0
2025-03-21,BookMyShow,Entertainment,328.63,0
2025-03-21,MakeMyTrip,Travel,1833.58,0
2025-03-21,Swiggy,Food,784.38,0
2025-03-21,Airtel,Utilities,1620.75,0
2025-03-21,Petrol Pump,Travel,356.0,0
2025-03-22,Indigo Airlines,Travel,207.58,0
2025-03-22,Hardware Store,Other,479.47,0
2025-03-22,Myntra,Shopping,6948.93,0
2025-03-22,Apple Store,Shopping,611.15,0
2025-03-22,McDonalds,Food,50.0,0
2025-03-22,Amazon,Shopping,3283.18,0
2025-03-22,Uber,Travel,1336.11,0
2025-03-22,Landlord,Rent,30000.0,0
2025-03-22,IRCTC,Travel,478.45,0
2025-03-22,Flipkart,Shopping,1965.96,0
2025-03-22,Uber,Travel,1012.67,0
2025-03-22,Spotify,Entertainment,402.74,0
2025-03-22,BookMyShow,Entertainment,2520.95,0
2025-03-22,Pharmacy,Other,406.01,0
2025-03-22,Starbucks,Food,50.0,0
2025-03-23,Myntra,Shopping,2262.63,0
2025-03-23,Petrol Pump,Travel,662.56,0
2025-03-23,Landlord,Rent,30000.0,0
2025-03-23,Pharmacy,Other,229.81,0
2025-03-23,Jio Fiber,Utilities,1391.36,0
2025-03-23,McDonalds,Food,103.44,0
2025-03-23,Supermart,Food,715.32,0
2025-03-24,Zomato,Food,994.98,0
2025-03-24,Society Maintenance,Rent,30000.0,0
2025-03-24,Ola,Travel,815.73,0
2025-03-24,Flipkart,Shopping,2620.54,0
2025-03-24,Myntra,Shopping,4704.73,0
2025-03-25,PVR Cinemas,Entertainment,995.24,0
2025-03-25,Water Bill,Utilities,1165.71,0
2025-03-25,Apple Store,Shopping,914.19,0
2025-03-25,Myntra,Shopping,2194.85,0
2025-03-25,Amazon,Shopping,5224.08,0
2025-03-25,Amazon,Shopping,5966.84,0
2025-03-25,Electricity Board,Utilities,1918.47,0
2025-03-25,Supermart,Food,939.51,0
2025-03-25,Jio Fiber,Utilities,806.54,0
2025-03-25,Misc,Other,260.43,0
2025-03-26,Apple Store,Shopping,4927.16,0
2025-03-26,Hardware Store,Other,688.06,0
2025-03-26,Supermart,Food,665.2,0
2025-03-26,Swiggy,Food,646.91,0
2025-03-26,Myntra,Shopping,1490.05,0
2025-03-26,Zomato,Food,436.74,0
2025-03-26,Hardware Store,Other,711.28,1
2025-03-26,Water Bill,Utilities,1137.1,0
2025-03-26,Pharmacy,Other,2438.15,0
2025-03-27,MakeMyTrip,Travel,940.4,0
2025-03-27,McDonalds,Food,1036.18,0
2025-03-27,Landlord,Rent,30000.0,0
2025-03-27,Local Grocery,Food,1181.64,0
2025-03-27,Local Grocery,Food,717.39,0
2025-03-27,Supermart,Food,785.08,0
2025-03-27,Petrol Pump,Travel,223.53,0
2025-03-27,Zomato,Food,313.68,0
2025-03-27,Swiggy,Food,256.8,0
2025-03-27,Jio Fiber,Utilities,2319.2,0
2025-03-27,Amazon,Shopping,4178.86,0
2025-03-27,Apple Store,Shopping,46289.38,1
2025-03-28,Local Grocery,Food,290.91,0
2025-03-28,Ola,Travel,971.48,0
2025-03-28,Apple Store,Shopping,50.0,0
2025-03-28,Apple Store,Shopping,5423.64,0
2025-03-28,Zomato,Food,697.19,0
2025-03-28,Jio Fiber,Utilities,2513.49,0
2025-03-28,Zara,Shopping,3150.21,0
2025-03-28,IRCTC,Travel,397.05,0
2025-03-28,Zomato,Food,500.48,0
2025-03-29,Uber,Travel,1621.41,0
2025-03-29,Zomato,Food,218.0,0
2025-03-29,Flipkart,Shopping,50.0,0
2025-03-29,Swiggy,Food,688.59,0
2025-03-29,Local Grocery,Food,325.45,0
2025-03-29,IRCTC,Travel,431.97,0
2025-03-29,McDonalds,Food,110.13,0
2025-03-29,McDonalds,Food,779.53,0
2025-03-29,McDonalds,Food,680.95,0
2025-03-29,Myntra,Shopping,3494.78,0
2025-03-30,McDonalds,Food,285.91,0
2025-03-30,Local Grocery,Food,345.99,0
2025-03-30,Pharmacy,Other,1074.38,0
2025-03-30,H&M,Shopping,5198.54,0
2025-03-30,McDonalds,Food,400.41,0
2025-03-30,Pharmacy,Other,50.0,0
2025-03-30,Starbucks,Food,534.46,0
2025-03-30,Flipkart,Shopping,6677.59,0
2025-03-31,Starbucks,Food,583.04,0
2025-03-31,Misc,Other,1918.91,0
2025-03-31,MakeMyTrip,Travel,1208.48,0
2025-03-31,McDonalds,Food,570.58,0
2025-03-31,Apple Store,Shopping,129.34,0
2025-03-31,Jio Fiber,Utilities,2775.58,0
2025-03-31,Swiggy,Food,523.85,0
2025-03-31,Amazon,Shopping,2603.68,0
2025-03-31,Swiggy,Food,1224.98,0
2025-03-31,Supermart,Food,505.66,0
2025-03-31,Supermart,Food,975.44,0
2025-03-31,Myntra,Shopping,6726.82,0
2025-04-01,Local Grocery,Food,936.52,0
2025-04-01,Hardware Store,Other,1699.61,0
2025-04-01,Supermart,Food,50.0,0
2025-04-01,Hardware Store,Other,50.0,0
2025-04-01,MakeMyTrip,Travel,1150.17,0
2025-04-01,Starbucks,Food,668.04,0
2025-04-01,Landlord,Rent,30000.0,0
2025-04-01,Supermart,Food,354.02,0
2025-04-01,Airtel,Utilities,1684.99,0
2025-04-01,Electricity Board,Utilities,2177.83,0
2025-04-01,IRCTC,Travel,797.64,0
2025-04-02,H&M,Shopping,5191.14,0
2025-04-02,McDonalds,Food,259.45,0
2025-04-02,Swiggy,Food,194.99,0
2025-04-02,McDonalds,Food,649.62,0
2025-04-02,Indigo Airlines,Travel,240.04,0
2025-04-02,Myntra,Shopping,3169.6,0
2025-04-02,BookMyShow,Entertainment,1819.25,0
2025-04-02,Swiggy,Food,696.98,0
2025-04-03,Amazon,Shopping,1174.08,0
2025-04-03,Swiggy,Food,111.35,0
2025-04-03,Myntra,Shopping,5774.25,0
2025-04-03,Local Grocery,Food,744.23,0
2025-04-03,Jio Fiber,Utilities,1271.22,0
2025-04-03,Petrol Pump,Travel,1441.43,0
2025-04-03,IRCTC,Travel,1866.27,0
2025-04-03,Zara,Shopping,3036.72,0
2025-04-03,Apple Store,Shopping,3063.03,0
2025-04-03,Zara,Shopping,3192.89,0
2025-04-03,Spotify,Entertainment,1079.91,0
2025-04-03,Flipkart,Shopping,50.0,0
2025-04-03,Starbucks,Food,513.63,0
2025-04-03,McDonalds,Food,271.7,0
2025-04-03,Supermart,Food,50.0,0
2025-04-04,MakeMyTrip,Travel,743.36,0
2025-04-04,Electricity Board,Utilities,1727.81,0
2025-04-04,Pharmacy,Other,1709.66,0
2025-04-04,Netflix,Entertainment,530.77,0
2025-04-04,PVR Cinemas,Entertainment,1483.3,0
2025-04-04,Supermart,Food,470.41,0
2025-04-04,Electricity Board,Utilities,1788.2,0
2025-04-04,McDonalds,Food,368.84,0
2025-04-04,Netflix,Entertainment,700.14,0
2025-04-05,Indigo Airlines,Travel,948.92,0
2025-04-05,Hardware Store,Other,2846.33,0
2025-04-05,Starbucks,Food,381.96,0
2025-04-05,H&M,Shopping,50.0,0
2025-04-05,Apple Store,Shopping,50.0,0
2025-04-05,H&M,Shopping,1163.52,0
2025-04-05,Pharmacy,Other,1833.38,0
2025-04-06,IRCTC,Travel,488.99,0
2025-04-06,Pharmacy,Other,1141.46,0
2025-04-06,H&M,Shopping,6139.39,0
2025-04-06,Swiggy,Food,938.92,0
2025-04-06,Water Bill,Utilities,2087.29,0
2025-04-06,Myntra,Shopping,2071.4,0
2025-04-06,Starbucks,Food,839.84,0
2025-04-06,Landlord,Rent,30000.0,0
2025-04-06,Ola,Travel,50.0,0
2025-04-06,IRCTC,Travel,1002.09,0
2025-04-07,H&M,Shopping,2529.35,0
2025-04-07,Hardware Store,Other,14300.43,1
2025-04-07,Hardware Store,Other,521.87,0
2025-04-07,Supermart,Food,406.15,0
2025-04-07,Ola,Travel,107.26,0
2025-04-07,Ola,Travel,1026.16,0
2025-04-08,Indigo Airlines,Travel,482.74,0
2025-04-08,Airtel,Utilities,1574.3,0
2025-04-08,McDonalds,Food,50.0,0
2025-04-08,Myntra,Shopping,50.0,0
2025-04-08,H&M,Shopping,914.3,0
2025-04-08,Zara,Shopping,1526.59,0
2025-04-08,Electricity Board,Utilities,2092.84,0
2025-04-08,Misc,Other,187.3,0
2025-04-08,Uber,Travel,1500.73,0
2025-04-08,Indigo Airlines,Travel,1762.11,0
2025-04-08,Steam,Entertainment,699.49,0
2025-04-08,Supermart,Food,1187.62,0
2025-04-08,Petrol Pump,Travel,50.0,0
2025-04-08,IRCTC,Travel,167.41,0
2025-04-08,Swiggy,Food,670.18,0
2025-04-08,IRCTC,Travel,1198.29,0
2025-04-08,Petrol Pump,Travel,1162.36,0
2025-04-08,Swiggy,Food,50.0,0
2025-04-09,Zara,Shopping,3630.6,0
2025-04-09,Supermart,Food,343.25,0
2025-04-09,Local Grocery,Food,247.37,0
2025-04-09,Zara,Shopping,5973.68,0
2025-04-09,Water Bill,Utilities,2380.03,0
2025-04-09,PVR Cinemas,Entertainment,445.67,0
2025-04-09,Indigo Airlines,Travel,926.74,0
2025-04-09,Water Bill,Utilities,2936.65,0
2025-04-09,Ola,Travel,1280.45,0
2025-04-09,Swiggy,Food,506.25,0
2025-04-09,Apple Store,Shopping,3474.27,0
2025-04-09,Water Bill,Utilities,2098.66,0
2025-04-09,Myntra,Shopping,4080.66,0
2025-04-10,McDonalds,Food,256.94,0
2025-04-10,Starbucks,Food,1419.56,0
2025-04-10,Indigo Airlines,Travel,1542.06,0
2025-04-10,Swiggy,Food,165.86,0
2025-04-10,Hardware Store,Other,2322.89,0
2025-04-10,Supermart,Food,775.88,0
2025-04-10,Flipkart,Shopping,50.0,0
2025-04-10,McDonalds,Food,319.34,0
2025-04-10,Water Bill,Utilities,1817.34,0
2025-04-10,Landlord,Rent,30000.0,0
2025-04-10,Hardware Store,Other,478.91,0
2025-04-11,Steam,Entertainment,1309.11,0
2025-04-11,Supermart,Food,50.0,0
2025-04-11,Starbucks,Food,1439.63,0
2025-04-11,Water Bill,Utilities,2059.79,0
2025-04-11,Zara,Shopping,50.0,0
2025-04-11,McDonalds,Food,1105.38,0
2025-04-11,Spotify,Entertainment,1158.94,0
2025-04-11,Uber,Travel,50.0,0
2025-04-12,Electricity Board,Utilities,2677.72,0
2025-04-12,Pharmacy,Other,314.27,0
2025-04-12,IRCTC,Travel,1287.87,0
2025-04-12,Pharmacy,Other,427.39,0
2025-04-12,Zomato,Food,550.53,0
2025-04-12,Flipkart,Shopping,2279.9,0
2025-04-12,Misc,Other,1988.87,0
2025-04-12,Netflix,Entertainment,2679.78,0
2025-04-13,Hardware Store,Other,1187.37,0
2025-04-13,Zara,Shopping,4746.72,0
2025-04-13,Misc,Other,1631.25,0
2025-04-13,Indigo Airlines,Travel,1841.07,0
2025-04-13,Airtel,Utilities,3030.75,0
2025-04-13,Supermart,Food,50.0,0
2025-04-13,H&M,Shopping,1827.17,0
2025-04-13,Swiggy,Food,901.41,0
2025-04-13,Society Maintenance,Rent,30000.0,0
2025-04-13,Starbucks,Food,50.0,0
2025-04-13,Spotify,Entertainment,1257.09,0
2025-04-13,Spotify,Entertainment,1973.73,0
2025-04-13,Myntra,Shopping,3541.15,0
2025-04-14,Zomato,Food,474.12,0
2025-04-14,Supermart,Food,466.51,0
2025-04-14,Myntra,Shopping,4613.04,0
2025-04-14,Airtel,Utilities,1454.8,0
2025-04-14,Zara,Shopping,923.89,0
2025-04-14,Myntra,Shopping,234.27,0
2025-04-14,Local Grocery,Food,1193.01,0
2025-04-15,Spotify,Entertainment,150.09,0
2025-04-15,Spotify,Entertainment,2619.45,0
2025-04-15,McDonalds,Food,476.99,0
2025-04-15,Airtel,Utilities,2120.62,0
2025-04-15,Water Bill,Utilities,2092.42,0
2025-04-15,Starbucks,Food,430.82,0
2025-04-15,Petrol Pump,Travel,1987.01,0
2025-04-15,H&M,Shopping,4984.55,0
2025-04-15,BookMyShow,Entertainment,1480.97,0
2025-04-15,Starbucks,Food,67.57,0
2025-04-15,Zomato,Food,673.18,0
2025-04-15,Apple Store,Shopping,1503.91,0
2025-04-15,MakeMyTrip,Travel,216.86,0
2025-04-15,Electricity Board,Utilities,2180.75,0
2025-04-15,Swiggy,Food,50.0,0
2025-04-16,Supermart,Food,535.83,0
2025-04-16,BookMyShow,Entertainment,215.07,0
2025-04-16,Zomato,Food,139.76,0
2025-04-16,Airtel,Utilities,2665.29,0
2025-04-16,Amazon,Shopping,5181.14,0
2025-04-16,H&M,Shopping,5923.24,0
2025-04-16,H&M,Shopping,6694.74,0
2025-04-16,Local Grocery,Food,257.66,0
2025-04-16,Zara,Shopping,6556.87,0
2025-04-16,Supermart,Food,1024.68,0
2025-04-17,Uber,Travel,104.3,0
2025-04-17,Jio Fiber,Utilities,2938.09,0
2025-04-17,Electricity Board,Utilities,1807.16,0
2025-04-17,Zomato,Food,136.13,0
2025-04-17,McDonalds,Food,50.0,0
2025-04-17,Petrol Pump,Travel,719.34,0
2025-04-17,Steam,Entertainment,1229.7,0
2025-04-17,Local Grocery,Food,856.08,0
2025-04-18,Swiggy,Food,588.85,0
2025-04-18,Society Maintenance,Rent,30000.0,0
2025-04-18,H&M,Shopping,2800.9,0
2025-04-18,Indigo Airlines,Travel,1251.84,0
2025-04-18,Landlord,Rent,30000.0,0
2025-04-19,Hardware Store,Other,1716.28,0
2025-04-19,Uber,Travel,50.0,0
2025-04-19,Zara,Shopping,3626.23,0
2025-04-19,Apple Store,Shopping,50.0,0
2025-04-19,Jio Fiber,Utilities,2154.91,0
2025-04-19,Society Maintenance,Rent,30000.0,0
2025-04-19,Flipkart,Shopping,69351.63,1
2025-04-19,Hardware Store,Other,535.58,0
2025-04-19,Water Bill,Utilities,1688.68,0
2025-04-19,Steam,Entertainment,1534.99,0
2025-04-19,IRCTC,Travel,337.78,0
2025-04-19,Spotify,Entertainment,1068.89,0
2025-04-19,Myntra,Shopping,5353.28,0
2025-04-19,Amazon,Shopping,17565.14,1
2025-04-20,Zara,Shopping,1472.86,0
2025-04-20,Landlord,Rent,30000.0,0
2025-04-20,Swiggy,Food,676.19,0
2025-04-20,H&M,Shopping,3379.39,0
2025-04-20,Misc,Other,170.2,0
2025-04-20,Supermart,Food,1100.3,0
2025-04-20,Swiggy,Food,810.06,0
2025-04-20,Myntra,Shopping,6254.35,0
2025-04-20,Swiggy,Food,274.42,0
2025-04-20,Local Grocery,Food,761.99,0
2025-04-20,Misc,Other,835.5,0
2025-04-20,Amazon,Shopping,50.0,0
2025-04-20,Local Grocery,Food,704.84,1
2025-04-20,Supermart,Food,50.0,0
2025-04-20,Spotify,Entertainment,758.26,0
2025-04-20,Starbucks,Food,50.0,0
2025-04-20,Zomato,Food,645.98,0
2025-04-21,Amazon,Shopping,3821.88,0
2025-04-21,IRCTC,Travel,981.92,0
2025-04-21,McDonalds,Food,860.21,0
2025-04-21,Apple Store,Shopping,3085.07,0
2025-04-21,Hardware Store,Other,2756.98,0
2025-04-21,Zara,Shopping,4894.8,0
2025-04-21,Petrol Pump,Travel,929.62,0
2025-04-21,Misc,Other,1145.0,0
2025-04-21,Swiggy,Food,50.0,0
2025-04-21,Flipkart,Shopping,3578.61,0
2025-04-22,McDonalds,Food,159.79,0
2025-04-22,Zomato,Food,1204.48,0
2025-04-22,Spotify,Entertainment,305.37,0
2025-04-22,Hardware Store,Other,1316.34,0
2025-04-22,Swiggy,Food,50.0,0
2025-04-22,Swiggy,Food,629.63,0
2025-04-22,H&M,Shopping,6123.76,0
2025-04-23,Hardware Store,Other,712.3,0
2025-04-23,MakeMyTrip,Travel,517.45,0
2025-04-23,Netflix,Entertainment,586.86,0
2025-04-23,Starbucks,Food,777.39,0
2025-04-23,MakeMyTrip,Travel,50.0,0
2025-04-23,McDonalds,Food,287.8,0
2025-04-23,IRCTC,Travel,1477.48,0
2025-04-23,Swiggy,Food,788.76,0
2025-04-23,Netflix,Entertainment,1277.37,0
2025-04-23,Flipkart,Shopping,2114.9,0
2025-04-23,Flipkart,Shopping,4713.97,0
2025-04-23,Hardware Store,Other,910.14,0
2025-04-24,Flipkart,Shopping,5001.02,0
2025-04-24,PVR Cinemas,Entertainment,1648.65,0
2025-04-24,Apple Store,Shopping,4395.82,0
2025-04-24,McDonalds,Food,222.11,0
2025-04-24,Hardware Store,Other,510.05,0
2025-04-24,Electricity Board,Utilities,1664.94,0
2025-04-24,Pharmacy,Other,466.52,0
2025-04-25,Airtel,Utilities,1904.75,0
2025-04-25,Local Grocery,Food,272.22,0
2025-04-25,Steam,Entertainment,1957.8,0
2025-04-25,Starbucks,Food,698.69,0
2025-04-26,Apple Store,Shopping,50.0,0
2025-04-26,Swiggy,Food,480.76,0
2025-04-26,MakeMyTrip,Travel,1175.4,0
2025-04-26,Petrol Pump,Travel,1525.41,0
2025-04-26,Petrol Pump,Travel,900.37,0
2025-04-26,Supermart,Food,138.27,0
2025-04-26,Hardware Store,Other,50.0,0
2025-04-26,BookMyShow,Entertainment,50.0,0
2025-04-27,Airtel,Utilities,3081.63,0
2025-04-27,Amazon,Shopping,2548.8,0
2025-04-27,Amazon,Shopping,5033.77,0
2025-04-27,Apple Store,Shopping,1320.94,0
2025-04-27,Uber,Travel,1295.75,0
2025-04-27,Apple Store,Shopping,2351.02,0
2025-04-27,Swiggy,Food,942.36,0
2025-04-27,McDonalds,Food,402.65,0
2025-04-27,Ola,Travel,1354.16,0
2025-04-27,Apple Store,Shopping,4487.57,0
2025-04-28,IRCTC,Travel,1086.75,0
2025-04-28,Ola,Travel,1715.0,0
2025-04-28,Landlord,Rent,30000.0,0
2025-04-28,Petrol Pump,Travel,361.58,0
2025-04-28,Water Bill,Utilities,2092.32,0
2025-04-28,Jio Fiber,Utilities,1934.97,0
2025-04-28,MakeMyTrip,Travel,895.57,0
2025-04-29,Zomato,Food,3687.6,1
2025-04-29,Swiggy,Food,549.23,0
2025-04-29,McDonalds,Food,697.63,0
2025-04-29,Swiggy,Food,50.0,0
2025-04-29,Airtel,Utilities,1661.8,0
2025-04-29,McDonalds,Food,765.15,0
2025-04-29,H&M,Shopping,3285.57,0
2025-04-29,Local Grocery,Food,5793.54,1
2025-04-29,Zomato,Food,978.63,0
2025-04-29,Society Maintenance,Rent,30000.0,0
2025-04-29,MakeMyTrip,Travel,473.45,0
2025-04-29,Misc,Other,1866.44,0
2025-04-29,Steam,Entertainment,2589.65,0
2025-04-29,H&M,Shopping,50.0,0
2025-04-30,Local Grocery,Food,697.42,0
2025-04-30,Zomato,Food,50.0,0
2025-04-30,Society Maintenance,Rent,30000.0,0
2025-04-30,McDonalds,Food,271.74,0
2025-04-30,Pharmacy,Other,2021.57,0
2025-04-30,Starbucks,Food,706.38,0
2025-04-30,Zara,Shopping,3615.21,0
2025-04-30,McDonalds,Food,611.34,0
2025-04-30,Flipkart,Shopping,2656.38,0
2025-05-01,McDonalds,Food,558.03,0
2025-05-01,Ola,Travel,1199.62,0
2025-05-01,Pharmacy,Other,1485.38,0
2025-05-01,Local Grocery,Food,499.72,0
2025-05-01,Spotify,Entertainment,689.46,0
2025-05-01,Starbucks,Food,50.0,0
2025-05-01,Zara,Shopping,985.32,0
2025-05-01,Local Grocery,Food,880.12,0
2025-05-01,Water Bill,Utilities,1983.62,0
2025-05-01,BookMyShow,Entertainment,2062.91,0
2025-05-01,Steam,Entertainment,1069.27,0
2025-05-01,Steam,Entertainment,2116.55,0
2025-05-02,MakeMyTrip,Travel,653.54,0
2025-05-02,Swiggy,Food,185.6,0
2025-05-02,Starbucks,Food,83.92,0
2025-05-02,Zomato,Food,182.85,0
2025-05-02,Hardware Store,Other,955.26,0
2025-05-02,Electricity Board,Utilities,2874.07,0
2025-05-02,Hardware Store,Other,50.0,0
2025-05-02,Swiggy,Food,497.78,0
2025-05-02,Steam,Entertainment,559.76,0
2025-05-02,Supermart,Food,329.46,0
2025-05-02,McDonalds,Food,1361.97,0
2025-05-02,Zara,Shopping,483.64,0
2025-05-02,Myntra,Shopping,3721.82,0
2025-05-03,Supermart,Food,375.89,0
2025-05-03,Uber,Travel,937.09,0
2025-05-03,Local Grocery,Food,50.0,0
2025-05-03,Myntra,Shopping,1385.09,0
2025-05-03,Misc,Other,808.4,0
2025-05-03,Supermart,Food,109.65,0
2025-05-03,Pharmacy,Other,680.08,0
2025-05-03,Landlord,Rent,30000.0,0
2025-05-03,Flipkart,Shopping,17687.62,1
2025-05-04,Electricity Board,Utilities,1339.77,0
2025-05-04,Misc,Other,711.23,0
2025-05-04,Landlord,Rent,30000.0,0
2025-05-04,Jio Fiber,Utilities,1811.0,0
2025-05-04,Misc,Other,1281.64,0
2025-05-04,Supermart,Food,920.78,0
2025-05-04,IRCTC,Travel,50.0,0
2025-05-04,Indigo Airlines,Travel,631.12,0
2025-05-05,McDonalds,Food,1375.92,0
2025-05-05,H&M,Shopping,1586.06,0
2025-05-05,Society Maintenance,Rent,30000.0,0
2025-05-05,McDonalds,Food,390.4,0
2025-05-05,Misc,Other,50.0,0
2025-05-05,Pharmacy,Other,344.59,0
2025-05-05,Indigo Airlines,Travel,976.8,0
2025-05-05,Swiggy,Food,197.68,0
2025-05-05,H&M,Shopping,7237.63,0
2025-05-05,Electricity Board,Utilities,1843.24,0
2025-05-06,H&M,Shopping,50.0,0
2025-05-06,H&M,Shopping,2749.61,0
2025-05-06,Jio Fiber,Utilities,2949.94,0
2025-05-06,Steam,Entertainment,1527.56,0
2025-05-06,Uber,Travel,385.28,0
2025-05-06,Myntra,Shopping,3768.25,0
2025-05-06,Starbucks,Food,623.62,0
2025-05-07,Society Maintenance,Rent,30000.0,0
2025-05-07,Indigo Airlines,Travel,1439.43,0
2025-05-07,Water Bill,Utilities,1711.79,0
2025-05-07,Myntra,Shopping,4143.2,0
2025-05-07,Zomato,Food,289.59,0
2025-05-07,MakeMyTrip,Travel,1446.82,0
2025-05-07,BookMyShow,Entertainment,1197.2,0
2025-05-07,Spotify,Entertainment,490.09,0
2025-05-07,Swiggy,Food,50.0,0
2025-05-07,Supermart,Food,857.04,0
2025-05-07,Flipkart,Shopping,8427.36,0
2025-05-07,Starbucks,Food,426.13,1
2025-05-08,Swiggy,Food,505.04,0
2025-05-08,H&M,Shopping,2681.13,0
2025-05-08,Petrol Pump,Travel,766.84,0
2025-05-08,Flipkart,Shopping,4241.75,0
2025-05-08,Water Bill,Utilities,1843.47,0
2025-05-08,IRCTC,Travel,483.54,0
2025-05-08,Landlord,Rent,30000.0,0
2025-05-08,MakeMyTrip,Travel,985.75,0
2025-05-08,Swiggy,Food,422.29,0
2025-05-08,H&M,Shopping,1716.97,0
2025-05-08,PVR Cinemas,Entertainment,901.02,0
2025-05-08,Supermart,Food,721.26,0
2025-05-08,Misc,Other,1434.05,0
2025-05-09,Petrol Pump,Travel,50.0,0
2025-05-09,Steam,Entertainment,961.08,0
2025-05-09,PVR Cinemas,Entertainment,322.43,0
2025-05-09,Water Bill,Utilities,2005.12,0
2025-05-09,McDonalds,Food,583.55,0
2025-05-09,Pharmacy,Other,2243.33,0
2025-05-09,Apple Store,Shopping,8578.25,0
2025-05-09,Local Grocery,Food,400.37,0
2025-05-10,Local Grocery,Food,592.22,1
2025-05-10,Supermart,Food,668.08,0
2025-05-10,Swiggy,Food,201.23,0
2025-05-10,Starbucks,Food,382.22,0
2025-05-10,Pharmacy,Other,948.74,0
2025-05-10,Indigo Airlines,Travel,624.97,0
2025-05-10,Steam,Entertainment,240.87,0
2025-05-10,Flipkart,Shopping,684.05,0
2025-05-10,McDonalds,Food,1077.45,0
2025-05-10,Petrol Pump,Travel,653.48,0
2025-05-10,MakeMyTrip,Travel,228.93,0
2025-05-10,Local Grocery,Food,315.53,0
2025-05-10,McDonalds,Food,200.26,0
2025-05-10,Zomato,Food,144.19,0
2025-05-10,Landlord,Rent,30000.0,0
2025-05-10,McDonalds,Food,222.16,0
2025-05-10,Society Maintenance,Rent,30000.0,0
2025-05-10,Indigo Airlines,Travel,576.11,0
2025-05-10,Airtel,Utilities,1447.57,0
2025-05-11,Society Maintenance,Rent,30000.0,0
2025-05-11,MakeMyTrip,Travel,1009.5,0
2025-05-11,BookMyShow,Entertainment,1686.13,0
2025-05-11,Zomato,Food,618.11,0
2025-05-11,Hardware Store,Other,1417.8,0
2025-05-11,Ola,Travel,50.0,0
2025-05-11,Local Grocery,Food,732.84,0
2025-05-11,Local Grocery,Food,623.22,0
2025-05-12,Amazon,Shopping,1598.48,0
2025-05-12,MakeMyTrip,Travel,50.0,0
2025-05-12,Petrol Pump,Travel,1223.16,0
2025-05-12,Local Grocery,Food,50.0,0
2025-05-12,Amazon,Shopping,244.33,0
2025-05-13,McDonalds,Food,608.02,0
2025-05-13,Local Grocery,Food,713.8,0
2025-05-13,Local Grocery,Food,1219.49,0
2025-05-13,H&M,Shopping,3608.83,0
2025-05-13,Zomato,Food,255.29,0
2025-05-13,Uber,Travel,1010.78,0
2025-05-13,H&M,Shopping,3678.74,0
2025-05-13,Swiggy,Food,676.78,0
2025-05-13,Myntra,Shopping,3810.42,0
2025-05-13,Supermart,Food,191.29,0
2025-05-14,Starbucks,Food,574.71,0
2025-05-14,Airtel,Utilities,1740.3,0
2025-05-14,MakeMyTrip,Travel,50.0,0
2025-05-14,Water Bill,Utilities,2354.15,0
2025-05-14,Hardware Store,Other,1277.2,0
2025-05-14,Hardware Store,Other,1577.25,0
2025-05-14,Airtel,Utilities,2919.09,0
2025-05-14,Flipkart,Shopping,5701.95,0
2025-05-14,Landlord,Rent,30000.0,0
2025-05-14,Landlord,Rent,30000.0,0
2025-05-14,Apple Store,Shopping,6913.81,0
2025-05-15,Zomato,Food,232.89,0
2025-05-15,Amazon,Shopping,50.0,0
2025-05-15,Starbucks,Food,661.99,0
2025-05-15,Hardware Store,Other,777.96,0
2025-05-15,Pharmacy,Other,512.39,0
2025-05-15,H&M,Shopping,2333.37,0
2025-05-15,Electricity Board,Utilities,1559.62,0
2025-05-15,Misc,Other,1412.03,0
2025-05-15,Swiggy,Food,553.42,0
2025-05-15,Society Maintenance,Rent,30000.0,0
2025-05-15,Ola,Travel,1506.87,0
2025-05-15,Zomato,Food,173.23,0
2025-05-15,Misc,Other,3554.49,0
2025-05-16,Amazon,Shopping,70.86,0
2025-05-16,Apple Store,Shopping,992.05,0
2025-05-16,Uber,Travel,956.95,0
2025-05-16,Landlord,Rent,30000.0,0
2025-05-16,Pharmacy,Other,1289.31,0
2025-05-16,Airtel,Utilities,1595.2,0
2025-05-16,Flipkart,Shopping,1834.91,0
2025-05-16,Society Maintenance,Rent,30000.0,0
2025-05-16,Apple Store,Shopping,4920.52,0
2025-05-16,Supermart,Food,998.43,0
2025-05-16,Local Grocery,Food,838.32,0
2025-05-17,Apple Store,Shopping,922.62,0
2025-05-17,Myntra,Shopping,50.0,0
2025-05-17,Ola,Travel,1256.63,0
2025-05-17,Zara,Shopping,2709.43,0
2025-05-17,PVR Cinemas,Entertainment,389.39,0
2025-05-18,Flipkart,Shopping,2385.64,0
2025-05-18,Pharmacy,Other,1893.84,0
2025-05-18,Apple Store,Shopping,2704.83,0
2025-05-18,Swiggy,Food,736.73,0
2025-05-18,Starbucks,Food,225.19,0
2025-05-18,Myntra,Shopping,7778.55,0
2025-05-18,Zomato,Food,485.67,0
2025-05-18,Landlord,Rent,30000.0,0
2025-05-18,Myntra,Shopping,2126.4,0
2025-05-18,Landlord,Rent,30000.0,0
2025-05-19,Airtel,Utilities,1668.69,0
2025-05-19,Flipkart,Shopping,3198.99,0
2025-05-19,Swiggy,Food,50.0,0
2025-05-19,Flipkart,Shopping,4770.27,0
2025-05-19,McDonalds,Food,140.63,0
2025-05-19,Flipkart,Shopping,3827.2,0
2025-05-19,Supermart,Food,50.0,0
2025-05-19,Swiggy,Food,605.71,0
2025-05-19,Zara,Shopping,2977.2,0
2025-05-19,Society Maintenance,Rent,30000.0,0
2025-05-19,Zara,Shopping,2368.58,0
2025-05-20,McDonalds,Food,409.41,0
2025-05-20,Apple Store,Shopping,5556.43,0
2025-05-20,H&M,Shopping,50.0,0
2025-05-20,Uber,Travel,1396.73,0
2025-05-20,H&M,Shopping,6258.2,0
2025-05-20,Society Maintenance,Rent,30000.0,0
2025-05-20,Myntra,Shopping,5127.24,0
2025-05-20,Zomato,Food,316.54,0
2025-05-21,Local Grocery,Food,67.38,0
2025-05-21,McDonalds,Food,657.33,0
2025-05-21,Netflix,Entertainment,1460.16,0
2025-05-21,Flipkart,Shopping,4539.84,0
2025-05-21,Petrol Pump,Travel,342.67,0
2025-05-21,Flipkart,Shopping,1589.38,0
2025-05-21,Swiggy,Food,883.35,0
2025-05-21,Zomato,Food,353.8,0
2025-05-21,McDonalds,Food,861.57,0
2025-05-22,Local Grocery,Food,178.53,0
2025-05-22,McDonalds,Food,578.5,0
2025-05-22,Landlord,Rent,30000.0,0
2025-05-22,Apple Store,Shopping,4044.2,0
2025-05-22,Landlord,Rent,30000.0,0
2025-05-22,Airtel,Utilities,2255.4,0
2025-05-22,Zomato,Food,604.18,0
2025-05-23,McDonalds,Food,889.24,0
2025-05-23,Water Bill,Utilities,1643.58,0
2025-05-23,Zomato,Food,168.6,0
2025-05-23,BookMyShow,Entertainment,889.39,0
2025-05-23,Starbucks,Food,429.77,0
2025-05-23,Pharmacy,Other,1832.05,0
2025-05-24,H&M,Shopping,7911.81,0
2025-05-24,H&M,Shopping,3346.61,0
2025-05-24,McDonalds,Food,803.88,0
2025-05-24,Supermart,Food,685.27,0
2025-05-24,PVR Cinemas,Entertainment,50.0,0
2025-05-24,Steam,Entertainment,2608.16,0
2025-05-24,Electricity Board,Utilities,1971.71,0
2025-05-24,Zara,Shopping,2037.29,0
2025-05-24,Starbucks,Food,544.55,0
2025-05-24,Local Grocery,Food,101.94,0
2025-05-25,Amazon,Shopping,4703.75,0
2025-05-25,Steam,Entertainment,2287.62,0
2025-05-25,Pharmacy,Other,50.0,0
2025-05-25,Myntra,Shopping,5874.18,0
2025-05-25,H&M,Shopping,434.08,0
2025-05-25,Zara,Shopping,5022.3,0
2025-05-25,Water Bill,Utilities,1726.66,0
2025-05-25,Airtel,Utilities,2049.03,0
2025-05-25,Pharmacy,Other,1654.31,0
2025-05-25,Netflix,Entertainment,263.46,0
2025-05-26,Amazon,Shopping,9551.98,0
2025-05-26,McDonalds,Food,92.13,0
2025-05-26,Steam,Entertainment,334.35,0
2025-05-26,Hardware Store,Other,1204.31,0
2025-05-26,Ola,Travel,50.0,0
2025-05-26,Indigo Airlines,Travel,50.0,0
2025-05-26,Jio Fiber,Utilities,2229.59,0
2025-05-26,Swiggy,Food,1187.75,0
2025-05-26,Zara,Shopping,3139.31,0
2025-05-26,Netflix,Entertainment,50.0,0
2025-05-26,Hardware Store,Other,496.09,0
2025-05-26,Swiggy,Food,306.45,0
2025-05-26,Myntra,Shopping,753.83,0
2025-05-26,Water Bill,Utilities,2727.91,0
2025-05-27,IRCTC,Travel,937.29,0
2025-05-27,Local Grocery,Food,8478.41,1
2025-05-27,Amazon,Shopping,4123.68,0
2025-05-27,Supermart,Food,50.0,0
2025-05-27,Indigo Airlines,Travel,1753.79,0
2025-05-27,Zomato,Food,216.95,0
2025-05-27,Amazon,Shopping,2610.25,0
2025-05-28,Electricity Board,Utilities,1297.41,0
2025-05-28,Zomato,Food,260.24,0
2025-05-28,Myntra,Shopping,3960.16,0
2025-05-28,Supermart,Food,1330.1,0
2025-05-28,Airtel,Utilities,1441.74,0
2025-05-28,Petrol Pump,Travel,1285.04,0
2025-05-28,Swiggy,Food,575.73,0
2025-05-28,Starbucks,Food,396.08,0
2025-05-28,Local Grocery,Food,50.0,0
2025-05-29,Society Maintenance,Rent,30000.0,0
2025-05-29,Local Grocery,Food,577.89,0
2025-05-29,Hardware Store,Other,1159.25,0
2025-05-29,Landlord,Rent,30000.0,0
2025-05-29,Local Grocery,Food,654.95,0
2025-05-29,MakeMyTrip,Travel,1156.11,0
2025-05-29,Zomato,Food,50.0,0
2025-05-29,Indigo Airlines,Travel,1097.08,0
2025-05-29,Supermart,Food,254.27,0
2025-05-29,Myntra,Shopping,1908.09,0
2025-05-29,Misc,Other,1234.85,0
2025-05-29,H&M,Shopping,4628.48,0
2025-05-29,Zomato,Food,50.0,0
2025-05-30,Electricity Board,Utilities,1652.15,0
2025-05-30,Jio Fiber,Utilities,1776.34,0
2025-05-30,McDonalds,Food,847.84,0
2025-05-30,Starbucks,Food,883.71,0
2025-05-30,Jio Fiber,Utilities,2070.49,0
2025-05-30,Steam,Entertainment,632.89,0
2025-05-30,McDonalds,Food,571.96,0
2025-05-30,Myntra,Shopping,6052.05,0
2025-05-30,Netflix,Entertainment,50.0,0
2025-05-30,Starbucks,Food,448.83,0
2025-05-31,Pharmacy,Other,50.0,0
2025-05-31,McDonalds,Food,459.81,0
2025-05-31,Electricity Board,Utilities,2048.84,0
2025-05-31,Petrol Pump,Travel,1594.93,0
2025-05-31,Steam,Entertainment,127.23,0
2025-05-31,McDonalds,Food,938.43,0
2025-05-31,H&M,Shopping,50.0,0
2025-05-31,McDonalds,Food,290.86,0
2025-06-01,Amazon,Shopping,2450.82,0
2025-06-01,Supermart,Food,306.84,0
2025-06-01,Jio Fiber,Utilities,1327.77,0
2025-06-01,Society Maintenance,Rent,358138.57,1
2025-06-01,Electricity Board,Utilities,2231.05,0
2025-06-01,Swiggy,Food,728.96,0
2025-06-01,Flipkart,Shopping,3918.41,0
2025-06-01,Zomato,Food,192.01,0
2025-06-01,Uber,Travel,1201.62,0
2025-06-02,Starbucks,Food,113.36,0
2025-06-02,Water Bill,Utilities,2130.63,0
2025-06-02,Landlord,Rent,30000.0,0
2025-06-02,Swiggy,Food,684.82,0
2025-06-02,Amazon,Shopping,2632.44,0
2025-06-02,Jio Fiber,Utilities,2006.5,0
2025-06-02,IRCTC,Travel,50.0,0
2025-06-02,Pharmacy,Other,322.57,0
2025-06-02,Netflix,Entertainment,50.0,0
2025-06-02,Flipkart,Shopping,50.0,0
2025-06-03,Society Maintenance,Rent,30000.0,0
2025-06-03,H&M,Shopping,1158.07,0
2025-06-03,Starbucks,Food,604.27,0
2025-06-03,BookMyShow,Entertainment,1457.61,0
2025-06-03,Flipkart,Shopping,50.0,0
2025-06-03,Swiggy,Food,50.0,0
2025-06-03,Netflix,Entertainment,1766.23,0
2025-06-03,H&M,Shopping,1203.89,0
2025-06-03,IRCTC,Travel,1656.5,0
2025-06-03,Local Grocery,Food,486.13,0
2025-06-03,Myntra,Shopping,1376.81,0
2025-06-03,Swiggy,Food,71.92,0
2025-06-03,Zomato,Food,639.03,0
2025-06-03,MakeMyTrip,Travel,2099.65,0
2025-06-03,Ola,Travel,1612.58,0
2025-06-04,Local Grocery,Food,923.97,0
2025-06-04,Steam,Entertainment,599.01,0
2025-06-04,Pharmacy,Other,483.02,0
2025-06-04,Apple Store,Shopping,4758.57,0
2025-06-04,Ola,Travel,583.25,0
2025-06-04,Swiggy,Food,304.22,0
2025-06-04,Misc,Other,524.95,0
2025-06-04,Supermart,Food,1061.12,0
2025-06-05,Flipkart,Shopping,1560.45,0
2025-06-05,Zomato,Food,902.37,0
2025-06-05,Hardware Store,Other,1260.91,0
2025-06-05,Zomato,Food,683.27,0
2025-06-05,IRCTC,Travel,50.0,0
2025-06-05,Indigo Airlines,Travel,508.82,0
2025-06-05,Local Grocery,Food,371.5,0
2025-06-05,Swiggy,Food,367.68,0
2025-06-05,Netflix,Entertainment,422.61,0
2025-06-05,Amazon,Shopping,4715.65,0
2025-06-05,Amazon,Shopping,4644.41,0
2025-06-05,Local Grocery,Food,977.91,0
2025-06-05,Steam,Entertainment,50.0,0
2025-06-06,Ola,Travel,569.97,0
2025-06-06,Starbucks,Food,224.11,0
2025-06-06,Local Grocery,Food,318.55,0
2025-06-06,Electricity Board,Utilities,1993.88,0
2025-06-06,Supermart,Food,50.0,0
2025-06-06,IRCTC,Travel,1105.43,0
2025-06-06,MakeMyTrip,Travel,1380.81,0
2025-06-06,Starbucks,Food,461.31,0
2025-06-06,Electricity Board,Utilities,1518.67,0
2025-06-06,Supermart,Food,518.57,0
2025-06-06,Spotify,Entertainment,250.79,0
2025-06-06,Hardware Store,Other,887.7,0
2025-06-06,Landlord,Rent,30000.0,0
2025-06-07,Airtel,Utilities,2803.67,0
2025-06-07,Water Bill,Utilities,2569.78,0
2025-06-07,Local Grocery,Food,392.24,0
2025-06-07,Spotify,Entertainment,612.71,0
2025-06-07,Apple Store,Shopping,3607.51,0
2025-06-07,Ola,Travel,774.57,0
2025-06-07,IRCTC,Travel,335.97,0
2025-06-07,McDonalds,Food,493.88,0
2025-06-07,Misc,Other,1645.7,0
2025-06-07,Zomato,Food,912.74,0
2025-06-07,Supermart,Food,869.85,0
2025-06-07,PVR Cinemas,Entertainment,1096.24,0
2025-06-07,Ola,Travel,228.65,0
2025-06-07,Apple Store,Shopping,75929.07,1
2025-06-07,Supermart,Food,1031.28,0
2025-06-07,Electricity Board,Utilities,1370.75,0
2025-06-08,Ola,Travel,745.51,0
2025-06-08,Landlord,Rent,30000.0,0
2025-06-08,Uber,Travel,922.7,0
2025-06-08,Zara,Shopping,155.79,0
2025-06-08,Spotify,Entertainment,336.8,0
2025-06-08,PVR Cinemas,Entertainment,1227.0,0
2025-06-08,Misc,Other,827.47,0
2025-06-08,Hardware Store,Other,1255.34,0
2025-06-08,Starbucks,Food,480.92,0
2025-06-08,Spotify,Entertainment,50.0,0
2025-06-08,Spotify,Entertainment,1661.69,0
2025-06-08,Local Grocery,Food,696.81,0
2025-06-08,McDonalds,Food,1531.88,0
2025-06-08,Zara,Shopping,3305.74,0
2025-06-08,Starbucks,Food,935.58,0
2025-06-08,Indigo Airlines,Travel,478.24,0
2025-06-09,Zomato,Food,496.75,0
2025-06-09,Spotify,Entertainment,674.37,0
2025-06-09,McDonalds,Food,1247.53,0
2025-06-09,McDonalds,Food,529.07,0
2025-06-09,Indigo Airlines,Travel,824.11,0
2025-06-09,Indigo Airlines,Travel,1275.25,0
2025-06-09,Local Grocery,Food,412.93,0
2025-06-09,McDonalds,Food,50.0,0
2025-06-09,Pharmacy,Other,1457.65,0
2025-06-09,Water Bill,Utilities,2003.59,0
2025-06-09,Local Grocery,Food,1125.86,0
2025-06-10,Supermart,Food,436.9,0
2025-06-10,H&M,Shopping,3803.98,0
2025-06-10,Misc,Other,550.27,0
2025-06-10,Amazon,Shopping,2248.84,0
2025-06-10,Airtel,Utilities,1497.97,0
2025-06-10,Zomato,Food,637.52,0
2025-06-10,Water Bill,Utilities,1813.9,0
2025-06-10,Supermart,Food,264.45,0
2025-06-10,Steam,Entertainment,1086.85,0
2025-06-11,Starbucks,Food,50.0,0
2025-06-11,Spotify,Entertainment,1943.44,0
2025-06-11,Zomato,Food,146.08,0
2025-06-11,Starbucks,Food,235.29,0
2025-06-11,H&M,Shopping,5391.76,0
2025-06-11,Local Grocery,Food,308.33,0
2025-06-11,Apple Store,Shopping,7217.85,0
2025-06-11,Pharmacy,Other,1712.2,0
2025-06-12,Uber,Travel,1533.12,0
2025-06-12,Water Bill,Utilities,2636.29,0
2025-06-12,IRCTC,Travel,906.65,0
2025-06-12,Amazon,Shopping,1151.57,0
2025-06-12,Electricity Board,Utilities,2252.24,0
2025-06-12,H&M,Shopping,1892.39,0
2025-06-12,Zara,Shopping,1822.4,0
2025-06-12,IRCTC,Travel,50.0,0
2025-06-12,Amazon,Shopping,2101.77,0
2025-06-12,Zomato,Food,500.65,0
2025-06-12,Pharmacy,Other,2891.1,0
2025-06-13,MakeMyTrip,Travel,1484.9,0
2025-06-13,Misc,Other,344.89,1
2025-06-13,Jio Fiber,Utilities,2334.84,0
2025-06-13,Landlord,Rent,30000.0,0
2025-06-13,Supermart,Food,209.15,0
2025-06-13,Hardware Store,Other,1759.05,0
2025-06-13,Apple Store,Shopping,4394.53,0
2025-06-13,Supermart,Food,50.0,0
2025-06-13,Swiggy,Food,637.62,0
2025-06-13,Hardware Store,Other,2098.28,0
2025-06-13,Jio Fiber,Utilities,2488.91,0
2025-06-13,Local Grocery,Food,604.13,0
2025-06-13,Airtel,Utilities,2055.46,0
2025-06-13,H&M,Shopping,3916.5,0
2025-06-14,Airtel,Utilities,1895.77,0
2025-06-14,Ola,Travel,793.11,0
2025-06-14,BookMyShow,Entertainment,617.0,0
2025-06-14,Hardware Store,Other,1102.48,0
2025-06-14,Petrol Pump,Travel,50.0,0
2025-06-14,Amazon,Shopping,6974.6,0
2025-06-14,Zara,Shopping,7906.47,0
2025-06-14,PVR Cinemas,Entertainment,774.94,0
2025-06-14,Misc,Other,894.82,0
2025-06-14,Hardware Store,Other,1410.48,0
2025-06-15,Uber,Travel,2348.77,0
2025-06-15,Myntra,Shopping,5646.06,0
2025-06-15,Myntra,Shopping,849.04,0
2025-06-15,Hardware Store,Other,5437.43,1
2025-06-15,Zomato,Food,492.3,0
2025-06-15,MakeMyTrip,Travel,782.11,0
2025-06-15,Zomato,Food,460.46,0
2025-06-16,MakeMyTrip,Travel,217.72,0
2025-06-16,McDonalds,Food,1013.53,0
2025-06-16,Ola,Travel,1462.11,0
2025-06-16,Flipkart,Shopping,2641.85,0
2025-06-16,Zara,Shopping,5741.17,0
2025-06-16,Local Grocery,Food,50.0,0
2025-06-17,Spotify,Entertainment,323.46,0
2025-06-17,MakeMyTrip,Travel,1211.99,0
2025-06-17,Netflix,Entertainment,979.98,0
2025-06-17,Flipkart,Shopping,6549.01,0
2025-06-17,Zara,Shopping,1666.0,0
2025-06-17,Amazon,Shopping,4860.48,0
2025-06-17,Landlord,Rent,30000.0,0
2025-06-17,Zara,Shopping,1617.7,0
2025-06-17,Pharmacy,Other,523.57,0
2025-06-18,Amazon,Shopping,1205.2,0
2025-06-18,Electricity Board,Utilities,2355.27,0
2025-06-18,Apple Store,Shopping,5328.2,0
2025-06-18,Flipkart,Shopping,19918.54,1
2025-06-18,Society Maintenance,Rent,30000.0,0
2025-06-18,Flipkart,Shopping,1207.46,0
2025-06-18,Apple Store,Shopping,4067.99,0
2025-06-18,PVR Cinemas,Entertainment,227.47,0
2025-06-19,Local Grocery,Food,50.0,0
2025-06-19,Misc,Other,1531.94,0
2025-06-19,Jio Fiber,Utilities,2273.56,0
2025-06-19,MakeMyTrip,Travel,118.11,0
2025-06-19,Jio Fiber,Utilities,1242.58,0
2025-06-19,H&M,Shopping,50.0,0
2025-06-19,Local Grocery,Food,1387.51,0
2025-06-19,Netflix,Entertainment,338.22,0
2025-06-19,MakeMyTrip,Travel,1331.41,0
2025-06-19,Water Bill,Utilities,2523.55,0
2025-06-20,Society Maintenance,Rent,30000.0,0
2025-06-20,Zara,Shopping,2561.55,0
2025-06-20,Pharmacy,Other,762.71,0
2025-06-20,MakeMyTrip,Travel,1033.92,0
2025-06-20,Local Grocery,Food,50.0,0
2025-06-20,Amazon,Shopping,4520.62,0
2025-06-20,BookMyShow,Entertainment,50.0,0
2025-06-20,Zara,Shopping,3427.16,0
2025-06-20,Zomato,Food,1119.61,0
2025-06-21,Jio Fiber,Utilities,1217.18,0
2025-06-21,Misc,Other,1517.19,0
2025-06-21,Zomato,Food,540.99,0
2025-06-21,Apple Store,Shopping,7106.68,0
2025-06-21,Swiggy,Food,327.55,0
2025-06-21,Zomato,Food,311.47,0
2025-06-21,Misc,Other,951.68,0
2025-06-21,Netflix,Entertainment,994.36,0
2025-06-21,Pharmacy,Other,663.85,0
2025-06-21,Ola,Travel,50.0,0
2025-06-21,Local Grocery,Food,87.22,0
2025-06-22,Local Grocery,Food,1228.22,0
2025-06-22,Water Bill,Utilities,1882.02,0
2025-06-22,Airtel,Utilities,2250.42,0
2025-06-22,Zara,Shopping,1284.3,0
2025-06-22,Society Maintenance,Rent,30000.0,0
2025-06-22,Local Grocery,Food,78.53,0
2025-06-22,Local Grocery,Food,301.23,0
2025-06-23,Airtel,Utilities,2540.03,0
2025-06-23,Local Grocery,Food,848.45,0
2025-06-23,McDonalds,Food,479.04,0
2025-06-23,Starbucks,Food,178.27,0
2025-06-23,Starbucks,Food,131.13,0
2025-06-23,Supermart,Food,647.47,0
2025-06-23,Zomato,Food,689.39,0
2025-06-24,Society Maintenance,Rent,30000.0,0
2025-06-24,Apple Store,Shopping,5684.08,0
2025-06-24,Local Grocery,Food,385.02,0
2025-06-24,Hardware Store,Other,1008.28,0
2025-06-24,Electricity Board,Utilities,2640.82,0
2025-06-24,Amazon,Shopping,5217.22,0
2025-06-24,Airtel,Utilities,2504.74,0
2025-06-24,Electricity Board,Utilities,1948.39,0
2025-06-24,Jio Fiber,Utilities,1322.28,0
2025-06-24,Hardware Store,Other,1378.91,0
2025-06-24,McDonalds,Food,959.51,0
2025-06-24,Netflix,Entertainment,673.52,0
2025-06-25,Myntra,Shopping,14610.11,1
2025-06-25,Local Grocery,Food,273.44,0
2025-06-25,Water Bill,Utilities,1520.28,0
2025-06-25,Apple Store,Shopping,50.0,0
2025-06-25,Electricity Board,Utilities,2074.68,0
2025-06-25,H&M,Shopping,3607.81,0
2025-06-25,Zomato,Food,506.07,0
2025-06-25,Steam,Entertainment,433.27,0
2025-06-25,Starbucks,Food,280.51,0
2025-06-25,Airtel,Utilities,3046.19,0
2025-06-26,Local Grocery,Food,50.0,0
2025-06-26,Electricity Board,Utilities,1410.98,0
2025-06-26,Netflix,Entertainment,830.23,0
2025-06-26,Swiggy,Food,836.29,0
2025-06-26,IRCTC,Travel,50.0,0
2025-06-26,Local Grocery,Food,447.15,0
2025-06-26,Amazon,Shopping,1202.92,0
2025-06-26,Electricity Board,Utilities,16330.17,1
2025-06-26,Jio Fiber,Utilities,1460.08,0
2025-06-26,Supermart,Food,1136.23,0
2025-06-27,MakeMyTrip,Travel,638.35,0
2025-06-27,PVR Cinemas,Entertainment,720.55,0
2025-06-27,Supermart,Food,170.43,0
2025-06-27,Spotify,Entertainment,1455.81,0
2025-06-27,Misc,Other,1037.55,0
2025-06-27,Petrol Pump,Travel,50.0,0
2025-06-27,Myntra,Shopping,1616.03,0
2025-06-27,Myntra,Shopping,50.0,0
2025-06-27,Netflix,Entertainment,1628.64,0
2025-06-27,Amazon,Shopping,3461.38,0
2025-06-27,Jio Fiber,Utilities,1492.76,0
2025-06-28,Misc,Other,50.0,0
2025-06-28,IRCTC,Travel,560.1,0
2025-06-28,Apple Store,Shopping,50.0,0
2025-06-28,Local Grocery,Food,218.11,0
2025-06-28,BookMyShow,Entertainment,1166.15,0
2025-06-28,Zomato,Food,259.91,0
2025-06-28,Misc,Other,761.95,0
2025-06-28,PVR Cinemas,Entertainment,1014.41,0
2025-06-28,Misc,Other,1296.17,0
2025-06-28,Starbucks,Food,597.24,0
2025-06-28,Hardware Store,Other,533.54,0
2025-06-28,Airtel,Utilities,2181.99,0
2025-06-28,Local Grocery,Food,50.0,0
2025-06-28,IRCTC,Travel,186.26,0
2025-06-29,Swiggy,Food,539.19,0
2025-06-29,Myntra,Shopping,1965.99,0
2025-06-29,Amazon,Shopping,50.0,0
2025-06-29,Jio Fiber,Utilities,2253.12,0
2025-06-29,Supermart,Food,560.12,0
2025-06-29,Water Bill,Utilities,2033.5,0
2025-06-29,MakeMyTrip,Travel,530.81,0
2025-06-30,Pharmacy,Other,310.97,0
2025-06-30,H&M,Shopping,1395.83,0
2025-06-30,Zara,Shopping,709.52,0
2025-06-30,Zomato,Food,213.27,0
2025-06-30,Pharmacy,Other,1532.3,0
2025-06-30,MakeMyTrip,Travel,1253.8,0
2025-06-30,Electricity Board,Utilities,1079.96,0
2025-06-30,McDonalds,Food,813.15,0
2025-07-01,Pharmacy,Other,1608.33,0
2025-07-01,Hardware Store,Other,884.73,0
2025-07-01,IRCTC,Travel,634.09,0
2025-07-01,Zomato,Food,957.72,0
2025-07-01,Misc,Other,4140.99,0
2025-07-01,Supermart,Food,1603.86,0
2025-07-01,Landlord,Rent,30000.0,0
2025-07-01,BookMyShow,Entertainment,135.15,0
2025-07-01,Flipkart,Shopping,1527.22,0
2025-07-01,Myntra,Shopping,2507.7,0
2025-07-02,Pharmacy,Other,393.37,0
2025-07-02,Zomato,Food,50.0,0
2025-07-02,Netflix,Entertainment,1689.15,0
2025-07-02,McDonalds,Food,777.14,0
2025-07-02,Society Maintenance,Rent,30000.0,0
2025-07-02,Jio Fiber,Utilities,2492.72,0
2025-07-02,Jio Fiber,Utilities,1333.61,0
2025-07-02,Local Grocery,Food,586.16,0
2025-07-02,Petrol Pump,Travel,1808.08,0
2025-07-03,Local Grocery,Food,92.89,0
2025-07-03,MakeMyTrip,Travel,1185.56,0
2025-07-03,Myntra,Shopping,5714.74,0
2025-07-03,Swiggy,Food,7033.93,1
2025-07-03,Pharmacy,Other,290.66,0
2025-07-03,Society Maintenance,Rent,30000.0,0
2025-07-03,Airtel,Utilities,1840.47,0
2025-07-03,Electricity Board,Utilities,2149.08,0
2025-07-03,Indigo Airlines,Travel,50.0,0
2025-07-03,Myntra,Shopping,2117.08,0
2025-07-03,Zomato,Food,507.37,0
2025-07-03,Indigo Airlines,Travel,1978.75,0
2025-07-04,Misc,Other,703.99,0
2025-07-04,Zomato,Food,1357.58,0
2025-07-04,Swiggy,Food,345.15,0
2025-07-04,Zara,Shopping,5388.25,0
2025-07-04,Supermart,Food,50.0,0
2025-07-04,BookMyShow,Entertainment,99.61,0
2025-07-04,Misc,Other,984.79,0
2025-07-04,IRCTC,Travel,1666.47,0
2025-07-04,Amazon,Shopping,3772.08,0
2025-07-04,Indigo Airlines,Travel,1030.13,0
2025-07-04,Jio Fiber,Utilities,1912.06,0
2025-07-04,Amazon,Shopping,4378.71,0
2025-07-05,Flipkart,Shopping,2265.08,0
2025-07-05,Myntra,Shopping,608.91,0
2025-07-05,Myntra,Shopping,221.05,0
2025-07-05,Spotify,Entertainment,1493.6,0
2025-07-05,Zomato,Food,467.58,0
2025-07-05,Starbucks,Food,229.2,0
2025-07-05,Amazon,Shopping,50.0,0
2025-07-05,Local Grocery,Food,50.0,0
2025-07-06,Myntra,Shopping,5176.87,0
2025-07-06,Zara,Shopping,1611.13,0
2025-07-06,Zara,Shopping,4184.58,0
2025-07-06,Water Bill,Utilities,1517.54,0
2025-07-06,Amazon,Shopping,1227.45,0
2025-07-06,Indigo Airlines,Travel,50.0,0
2025-07-06,Flipkart,Shopping,6621.25,0
2025-07-07,Misc,Other,585.91,0
2025-07-07,Netflix,Entertainment,306.3,0
2025-07-07,Zomato,Food,626.98,0
2025-07-07,Amazon,Shopping,4420.26,0
2025-07-07,Steam,Entertainment,205.71,0
2025-07-07,Flipkart,Shopping,2318.19,0
2025-07-07,Starbucks,Food,486.43,0
2025-07-07,Misc,Other,1400.67,0
2025-07-07,Society Maintenance,Rent,30000.0,0
2025-07-07,McDonalds,Food,454.14,0
2025-07-07,Starbucks,Food,530.17,0
2025-07-07,Amazon,Shopping,320.36,0
2025-07-07,Pharmacy,Other,1638.4,0
2025-07-08,Petrol Pump,Travel,1258.78,0
2025-07-08,Supermart,Food,50.0,0
2025-07-08,Petrol Pump,Travel,424.83,0
2025-07-08,McDonalds,Food,284.94,0
2025-07-08,Swiggy,Food,628.67,0
2025-07-08,Indigo Airlines,Travel,1852.38,0
2025-07-08,Electricity Board,Utilities,1686.64,0
2025-07-08,Supermart,Food,499.87,0
2025-07-09,Society Maintenance,Rent,30000.0,0
2025-07-09,Landlord,Rent,30000.0,0
2025-07-09,Myntra,Shopping,70864.7,1
2025-07-09,Supermart,Food,1258.72,0
2025-07-09,Local Grocery,Food,58.65,0
2025-07-09,Amazon,Shopping,1391.13,0
2025-07-09,Supermart,Food,883.14,0
2025-07-09,Zomato,Food,465.03,0
2025-07-09,Uber,Travel,1552.02,0
2025-07-10,Water Bill,Utilities,2367.81,0
2025-07-10,Amazon,Shopping,322.37,0
2025-07-10,H&M,Shopping,2864.26,0
2025-07-10,Zomato,Food,425.74,0
2025-07-10,Spotify,Entertainment,2136.4,0
2025-07-10,Apple Store,Shopping,3823.77,0
2025-07-10,Supermart,Food,641.0,0
2025-07-10,Petrol Pump,Travel,242.7,0
2025-07-10,Pharmacy,Other,430.42,0
2025-07-10,Myntra,Shopping,606.08,0
2025-07-11,IRCTC,Travel,887.66,0
2025-07-11,Zomato,Food,228.97,0
2025-07-11,Starbucks,Food,314.82,0
2025-07-11,Local Grocery,Food,1024.47,0
2025-07-11,Flipkart,Shopping,50.0,0
2025-07-11,McDonalds,Food,486.0,0
2025-07-11,Apple Store,Shopping,4740.52,0
2025-07-11,Zara,Shopping,5107.76,0
2025-07-11,Apple Store,Shopping,6384.68,0
2025-07-11,Zomato,Food,169.74,0
2025-07-11,H&M,Shopping,2325.31,0
2025-07-11,Swiggy,Food,589.31,0
2025-07-11,Landlord,Rent,30000.0,0
2025-07-11,Steam,Entertainment,1041.33,0
2025-07-12,Water Bill,Utilities,2503.57,0
2025-07-12,Landlord,Rent,30000.0,0
2025-07-12,Netflix,Entertainment,812.78,0
2025-07-12,Hardware Store,Other,1556.32,0
2025-07-12,BookMyShow,Entertainment,2654.33,0
2025-07-12,Zomato,Food,586.71,0
2025-07-12,McDonalds,Food,50.0,0
2025-07-12,Flipkart,Shopping,3244.18,0
2025-07-12,Petrol Pump,Travel,149.34,0
2025-07-12,Zomato,Food,357.19,0
2025-07-12,Swiggy,Food,401.19,0
2025-07-13,Apple Store,Shopping,5904.7,0
2025-07-13,Netflix,Entertainment,2817.16,0
2025-07-13,BookMyShow,Entertainment,1285.0,0
2025-07-13,Hardware Store,Other,628.48,0
2025-07-13,Starbucks,Food,431.9,0
2025-07-14,H&M,Shopping,1900.67,0
2025-07-14,Supermart,Food,1358.06,0
2025-07-14,Steam,Entertainment,1710.12,0
2025-07-14,Supermart,Food,922.85,0
2025-07-14,Landlord,Rent,30000.0,0
2025-07-14,Flipkart,Shopping,5175.17,0
2025-07-14,Swiggy,Food,145.0,0
2025-07-14,Amazon,Shopping,4073.35,0
2025-07-14,Swiggy,Food,230.03,0
2025-07-14,Swiggy,Food,305.11,0
2025-07-15,Zomato,Food,702.91,0
2025-07-15,McDonalds,Food,50.0,0
2025-07-15,Spotify,Entertainment,52.78,0
2025-07-15,McDonalds,Food,730.83,0
2025-07-15,Airtel,Utilities,1935.24,0
2025-07-15,Netflix,Entertainment,50.0,0
2025-07-15,Zomato,Food,1243.08,0
2025-07-16,Indigo Airlines,Travel,50.0,0
2025-07-16,Hardware Store,Other,550.53,0
2025-07-16,H&M,Shopping,2902.45,0
2025-07-16,Netflix,Entertainment,1070.93,0
2025-07-16,Hardware Store,Other,1608.68,0
2025-07-16,Water Bill,Utilities,1242.76,0
2025-07-16,Zomato,Food,50.0,0
2025-07-16,Myntra,Shopping,7989.17,0
2025-07-16,Airtel,Utilities,1710.44,0
2025-07-17,Local Grocery,Food,1540.67,0
2025-07-17,Jio Fiber,Utilities,2563.35,0
2025-07-17,Swiggy,Food,728.47,0
2025-07-17,Indigo Airlines,Travel,790.31,0
2025-07-17,Netflix,Entertainment,201.55,0
2025-07-17,BookMyShow,Entertainment,2057.04,0
2025-07-17,Landlord,Rent,30000.0,0
2025-07-17,Flipkart,Shopping,7931.36,0
2025-07-18,Jio Fiber,Utilities,2916.28,0
2025-07-18,Pharmacy,Other,842.13,0
2025-07-18,IRCTC,Travel,1654.72,0
2025-07-18,Netflix,Entertainment,850.14,0
2025-07-18,PVR Cinemas,Entertainment,614.59,0
2025-07-18,Flipkart,Shopping,4333.4,0
2025-07-18,BookMyShow,Entertainment,1868.63,0
2025-07-18,Swiggy,Food,882.12,0
2025-07-18,McDonalds,Food,1248.39,0
2025-07-18,McDonalds,Food,582.54,0
2025-07-19,Apple Store,Shopping,2148.5,0
2025-07-19,Zomato,Food,828.14,0
2025-07-19,Petrol Pump,Travel,814.89,0
2025-07-19,Supermart,Food,563.22,0
2025-07-19,Indigo Airlines,Travel,254.81,0
2025-07-19,Amazon,Shopping,3483.97,0
2025-07-19,BookMyShow,Entertainment,50.0,0
2025-07-19,Petrol Pump,Travel,50.0,0
2025-07-19,Zomato,Food,1044.05,0
2025-07-19,Zara,Shopping,4260.12,0
2025-07-19,Apple Store,Shopping,5495.03,0
2025-07-19,Pharmacy,Other,50.0,0
2025-07-20,Swiggy,Food,123.59,0
2025-07-20,MakeMyTrip,Travel,1237.94,0
2025-07-20,Petrol Pump,Travel,1383.47,0
2025-07-20,Netflix,Entertainment,1369.74,0
2025-07-20,Swiggy,Food,5921.6,1
2025-07-20,Local Grocery,Food,688.02,0
2025-07-20,Airtel,Utilities,1908.72,0
2025-07-20,Flipkart,Shopping,7691.99,0
2025-07-20,Society Maintenance,Rent,30000.0,0
2025-07-20,Myntra,Shopping,2031.6,0
2025-07-20,Spotify,Entertainment,1337.42,0
2025-07-20,Starbucks,Food,691.74,0
2025-07-21,Myntra,Shopping,1535.18,0
2025-07-21,Apple Store,Shopping,3147.46,0
2025-07-21,Supermart,Food,659.69,0
2025-07-21,Amazon,Shopping,3652.64,0
2025-07-21,Misc,Other,1320.39,0
2025-07-21,Local Grocery,Food,63.35,0
2025-07-21,Water Bill,Utilities,1208.05,0
2025-07-22,Society Maintenance,Rent,186236.65,1
2025-07-22,Starbucks,Food,445.2,0
2025-07-22,McDonalds,Food,50.0,0
2025-07-22,Steam,Entertainment,541.04,0
2025-07-22,McDonalds,Food,50.0,0
2025-07-22,BookMyShow,Entertainment,1831.92,0
2025-07-22,Local Grocery,Food,1095.65,0
2025-07-22,Pharmacy,Other,700.14,0
2025-07-22,H&M,Shopping,2817.93,0
2025-07-22,Indigo Airlines,Travel,859.65,0
2025-07-22,Steam,Entertainment,897.88,0
2025-07-23,McDonalds,Food,277.81,0
2025-07-23,Netflix,Entertainment,50.0,0
2025-07-23,MakeMyTrip,Travel,75.33,0
2025-07-23,McDonalds,Food,220.2,0
2025-07-23,H&M,Shopping,4070.77,0
2025-07-23,McDonalds,Food,600.59,0
2025-07-23,Petrol Pump,Travel,1290.82,0
2025-07-23,Swiggy,Food,494.6,0
2025-07-23,Starbucks,Food,492.23,0
2025-07-23,Steam,Entertainment,50.0,0
2025-07-24,Pharmacy,Other,357.74,0
2025-07-24,McDonalds,Food,186.1,0
2025-07-24,Local Grocery,Food,114.12,0
2025-07-24,Starbucks,Food,932.02,0
2025-07-24,Zomato,Food,399.38,0
2025-07-24,Airtel,Utilities,2909.03,0
2025-07-24,McDonalds,Food,50.0,0
2025-07-24,Water Bill,Utilities,1846.11,0
2025-07-24,MakeMyTrip,Travel,669.91,0
2025-07-24,Jio Fiber,Utilities,2440.82,0
2025-07-25,Flipkart,Shopping,6740.11,0
2025-07-25,Zomato,Food,644.66,0
2025-07-25,Ola,Travel,653.68,0
2025-07-25,Ola,Travel,735.81,0
2025-07-25,Flipkart,Shopping,1812.74,0
2025-07-25,Zara,Shopping,4761.27,0
2025-07-26,Ola,Travel,975.14,0
2025-07-26,Landlord,Rent,30000.0,0
2025-07-26,Hardware Store,Other,1425.6,0
2025-07-26,Jio Fiber,Utilities,1805.74,0
2025-07-26,Swiggy,Food,696.77,0
2025-07-26,Apple Store,Shopping,2678.66,0
2025-07-26,Apple Store,Shopping,95.54,0
2025-07-26,Zara,Shopping,5759.83,0
2025-07-27,Supermart,Food,318.08,0
2025-07-27,Ola,Travel,164.71,0
2025-07-27,Water Bill,Utilities,1845.76,0
2025-07-27,Swiggy,Food,280.69,0
2025-07-27,Society Maintenance,Rent,30000.0,0
2025-07-27,Indigo Airlines,Travel,50.0,0
2025-07-28,Myntra,Shopping,4862.51,0
2025-07-28,McDonalds,Food,607.14,0
2025-07-28,Starbucks,Food,421.72,0
2025-07-28,Starbucks,Food,458.22,0
2025-07-28,Pharmacy,Other,564.06,0
2025-07-28,Water Bill,Utilities,2627.7,0
2025-07-28,Pharmacy,Other,2226.98,0
2025-07-28,Apple Store,Shopping,3216.74,0
2025-07-29,Ola,Travel,1028.72,0
2025-07-29,Zomato,Food,650.56,0
2025-07-29,Zara,Shopping,256.58,0
2025-07-29,McDonalds,Food,460.44,0
2025-07-29,Flipkart,Shopping,2610.81,0
2025-07-30,Myntra,Shopping,2244.89,0
2025-07-30,PVR Cinemas,Entertainment,162.47,0
2025-07-30,Netflix,Entertainment,1734.76,0
2025-07-30,Myntra,Shopping,1689.78,0
2025-07-30,Swiggy,Food,733.03,0
2025-07-30,Petrol Pump,Travel,1200.81,0
2025-07-30,Airtel,Utilities,891.59,0
2025-07-30,Petrol Pump,Travel,746.96,0
2025-07-31,Flipkart,Shopping,50.0,0
2025-07-31,Starbucks,Food,811.34,0
2025-07-31,Steam,Entertainment,920.66,0
2025-07-31,MakeMyTrip,Travel,1189.59,0
2025-07-31,Society Maintenance,Rent,30000.0,0
2025-07-31,IRCTC,Travel,1565.93,0
2025-08-01,Swiggy,Food,694.6,0
2025-08-01,Petrol Pump,Travel,50.0,0
2025-08-01,Swiggy,Food,376.82,0
2025-08-01,Apple Store,Shopping,50.0,0
2025-08-01,Steam,Entertainment,1199.51,0
2025-08-01,Supermart,Food,458.63,0
2025-08-01,Electricity Board,Utilities,2886.13,0
2025-08-01,Hardware Store,Other,50.0,0
2025-08-01,Ola,Travel,112.94,0
2025-08-01,Supermart,Food,112.1,0
2025-08-02,Apple Store,Shopping,3972.45,0
2025-08-02,Netflix,Entertainment,50.0,0
2025-08-03,Supermart,Food,601.5,0
2025-08-03,Spotify,Entertainment,1060.8,0
2025-08-03,Water Bill,Utilities,2291.96,0
2025-08-03,Uber,Travel,1787.65,0
2025-08-03,Uber,Travel,1848.2,0
2025-08-03,Flipkart,Shopping,666.83,0
2025-08-03,H&M,Shopping,3693.44,0
2025-08-03,Uber,Travel,650.59,0
2025-08-03,Water Bill,Utilities,2150.9,0
2025-08-04,Ola,Travel,429.47,0
2025-08-04,Zara,Shopping,173.46,0
2025-08-04,Uber,Travel,50.0,0
2025-08-04,IRCTC,Travel,1323.54,0
2025-08-04,Water Bill,Utilities,1904.98,0
2025-08-04,Jio Fiber,Utilities,1969.46,0
2025-08-04,Misc,Other,1229.86,0
2025-08-04,Hardware Store,Other,1236.5,0
2025-08-04,Hardware Store,Other,1280.3,0
2025-08-05,Zara,Shopping,6874.84,0
2025-08-05,MakeMyTrip,Travel,50.0,0
2025-08-05,Jio Fiber,Utilities,2340.98,0
2025-08-05,Hardware Store,Other,50.0,0
2025-08-05,IRCTC,Travel,110.83,0
2025-08-05,Steam,Entertainment,741.86,0
2025-08-05,MakeMyTrip,Travel,50.0,0
2025-08-05,Jio Fiber,Utilities,2142.9,0
2025-08-05,Hardware Store,Other,50.0,0
2025-08-06,Uber,Travel,886.24,0
2025-08-06,Swiggy,Food,564.23,0
2025-08-06,Starbucks,Food,630.74,0
2025-08-06,Starbucks,Food,50.0,0
2025-08-06,Uber,Travel,1137.31,0
2025-08-07,Zara,Shopping,2167.85,0
2025-08-07,Society Maintenance,Rent,30000.0,0
2025-08-07,Ola,Travel,212.99,0
2025-08-07,Netflix,Entertainment,358.18,0
2025-08-07,H&M,Shopping,5792.08,0
2025-08-07,Indigo Airlines,Travel,230.89,0
2025-08-08,H&M,Shopping,2632.49,0
2025-08-08,Spotify,Entertainment,871.5,0
2025-08-08,Misc,Other,2022.14,0
2025-08-08,Landlord,Rent,30000.0,0
2025-08-08,McDonalds,Food,50.0,0
2025-08-08,Petrol Pump,Travel,296.11,0
2025-08-08,Hardware Store,Other,322.91,0
2025-08-08,Zara,Shopping,1803.1,0
2025-08-08,Zara,Shopping,3273.52,0
2025-08-08,Landlord,Rent,30000.0,0
2025-08-08,Airtel,Utilities,1480.1,0
2025-08-08,Local Grocery,Food,397.46,0
2025-08-09,PVR Cinemas,Entertainment,1617.54,0
2025-08-09,Hardware Store,Other,193.24,0
2025-08-09,Supermart,Food,50.0,0
2025-08-09,Misc,Other,1056.04,0
2025-08-09,Misc,Other,1241.36,0
2025-08-09,Airtel,Utilities,2482.04,0
2025-08-09,Indigo Airlines,Travel,374.24,0
2025-08-10,Amazon,Shopping,2664.3,0
2025-08-10,Swiggy,Food,388.2,0
2025-08-10,McDonalds,Food,867.57,0
2025-08-10,MakeMyTrip,Travel,2119.21,0
2025-08-10,Flipkart,Shopping,3658.72,0
2025-08-10,Hardware Store,Other,19195.11,1
2025-08-10,Uber,Travel,8049.26,1
2025-08-10,IRCTC,Travel,549.16,0
2025-08-10,Starbucks,Food,833.33,0
2025-08-10,Jio Fiber,Utilities,1343.89,0
2025-08-10,Local Grocery,Food,294.72,0
2025-08-10,Apple Store,Shopping,50.0,0
2025-08-10,McDonalds,Food,106.0,0
2025-08-10,Pharmacy,Other,1461.89,0
2025-08-11,Hardware Store,Other,1789.1,0
2025-08-11,Misc,Other,50.0,0
2025-08-11,BookMyShow,Entertainment,2437.09,0
2025-08-11,Hardware Store,Other,1452.41,0
2025-08-11,Zomato,Food,50.0,0
2025-08-11,Swiggy,Food,302.75,0
2025-08-11,Electricity Board,Utilities,1588.96,0
2025-08-11,Local Grocery,Food,783.6,0
2025-08-11,PVR Cinemas,Entertainment,2342.16,0
2025-08-11,Zara,Shopping,3927.86,0
2025-08-12,Amazon,Shopping,4478.37,0
2025-08-12,Swiggy,Food,110.19,0
2025-08-12,Zara,Shopping,4424.4,0
2025-08-12,H&M,Shopping,3001.32,0
2025-08-12,Zomato,Food,295.05,0
2025-08-12,BookMyShow,Entertainment,1698.26,0
2025-08-12,Zomato,Food,115.98,0
2025-08-12,Electricity Board,Utilities,1974.88,0
2025-08-12,Hardware Store,Other,1516.47,0
2025-08-13,Flipkart,Shopping,5643.42,0
2025-08-13,Landlord,Rent,30000.0,0
2025-08-13,Spotify,Entertainment,496.59,0
2025-08-13,Water Bill,Utilities,1192.06,0
2025-08-13,Supermart,Food,1485.3,0
2025-08-13,Myntra,Shopping,3081.99,0
2025-08-13,Amazon,Shopping,4432.82,0
2025-08-13,Netflix,Entertainment,1251.4,0
2025-08-13,Starbucks,Food,748.72,0
2025-08-13,Zomato,Food,713.85,0
2025-08-13,Landlord,Rent,30000.0,0
2025-08-13,Misc,Other,826.39,0
2025-08-14,Spotify,Entertainment,157.27,0
2025-08-14,Flipkart,Shopping,2032.25,0
2025-08-14,Zara,Shopping,1741.31,0
2025-08-14,Flipkart,Shopping,4258.8,1
2025-08-14,Swiggy,Food,279.26,0
2025-08-14,Starbucks,Food,1529.34,0
2025-08-14,McDonalds,Food,857.86,0
2025-08-14,Ola,Travel,1616.46,0
2025-08-14,Zara,Shopping,2176.38,0
2025-08-15,PVR Cinemas,Entertainment,627.75,0
2025-08-15,Zara,Shopping,848.97,0
2025-08-15,McDonalds,Food,1557.74,0
2025-08-15,Swiggy,Food,393.76,0
2025-08-15,Pharmacy,Other,2268.81,0
2025-08-15,Steam,Entertainment,1096.03,0
2025-08-15,Uber,Travel,772.31,0
2025-08-15,Apple Store,Shopping,1721.96,0
2025-08-16,Starbucks,Food,223.24,0
2025-08-16,McDonalds,Food,288.1,0
2025-08-16,Myntra,Shopping,2762.94,0
2025-08-16,Water Bill,Utilities,2525.33,0
2025-08-16,Myntra,Shopping,3559.47,0
2025-08-16,H&M,Shopping,2264.39,0
2025-08-16,Electricity Board,Utilities,804.85,0
2025-08-16,Jio Fiber,Utilities,1613.5,0
2025-08-16,Jio Fiber,Utilities,1594.87,0
2025-08-16,Local Grocery,Food,823.21,0
2025-08-16,Water Bill,Utilities,2475.65,0
2025-08-16,Amazon,Shopping,50.0,0
2025-08-16,MakeMyTrip,Travel,1269.34,0
2025-08-17,Swiggy,Food,371.88,0
2025-08-17,Zomato,Food,124.83,0
2025-08-17,IRCTC,Travel,1766.06,0
2025-08-17,Zomato,Food,392.94,0
2025-08-17,Myntra,Shopping,2919.3,0
2025-08-17,Uber,Travel,50.0,0
2025-08-18,Spotify,Entertainment,1186.29,0
2025-08-18,Myntra,Shopping,6094.13,0
2025-08-18,H&M,Shopping,50.0,0
2025-08-18,Swiggy,Food,527.01,0
2025-08-18,McDonalds,Food,938.86,0
2025-08-18,Apple Store,Shopping,1838.55,0
2025-08-18,Swiggy,Food,994.32,0
2025-08-18,Flipkart,Shopping,50.0,0
2025-08-18,Water Bill,Utilities,1506.06,0
2025-08-18,Hardware Store,Other,2504.93,0
2025-08-18,McDonalds,Food,650.84,0
2025-08-18,BookMyShow,Entertainment,477.9,0
2025-08-18,Hardware Store,Other,1912.12,0
2025-08-19,Spotify,Entertainment,2536.29,0
2025-08-19,Swiggy,Food,107.08,0
2025-08-19,Uber,Travel,1298.63,0
2025-08-19,Amazon,Shopping,4738.01,0
2025-08-19,Zomato,Food,568.55,0
2025-08-19,Steam,Entertainment,50.0,0
2025-08-19,Myntra,Shopping,175.73,0
2025-08-19,Zomato,Food,326.2,0
2025-08-19,Local Grocery,Food,787.9,0
2025-08-19,Starbucks,Food,50.0,0
2025-08-19,Amazon,Shopping,3329.82,0
2025-08-19,Water Bill,Utilities,2128.78,0
2025-08-19,IRCTC,Travel,235.54,0
2025-08-20,Spotify,Entertainment,1126.38,0
2025-08-20,Jio Fiber,Utilities,2254.13,0
2025-08-20,Electricity Board,Utilities,2704.67,0
2025-08-20,Supermart,Food,455.73,0
2025-08-20,Zomato,Food,816.25,0
2025-08-20,Airtel,Utilities,1867.67,0
2025-08-20,Zomato,Food,835.4,0
2025-08-20,Zomato,Food,831.76,0
2025-08-20,Flipkart,Shopping,882.87,0
2025-08-20,Uber,Travel,783.06,0
2025-08-20,Society Maintenance,Rent,30000.0,0
2025-08-20,Uber,Travel,50.0,0
2025-08-20,McDonalds,Food,388.0,0
2025-08-20,Amazon,Shopping,906.84,0
2025-08-20,Water Bill,Utilities,1341.43,0
2025-08-21,MakeMyTrip,Travel,1446.46,0
2025-08-21,Flipkart,Shopping,5871.11,0
2025-08-21,H&M,Shopping,3480.12,0
2025-08-21,Airtel,Utilities,1413.88,0
2025-08-21,H&M,Shopping,50.0,0
2025-08-21,Water Bill,Utilities,2538.42,0
2025-08-21,Pharmacy,Other,2119.68,0
2025-08-22,Supermart,Food,750.2,0
2025-08-22,Apple Store,Shopping,1767.5,0
2025-08-22,Supermart,Food,652.96,0
2025-08-22,Supermart,Food,705.31,0
2025-08-22,BookMyShow,Entertainment,1491.33,0
2025-08-22,Zara,Shopping,2163.06,0
2025-08-22,Zara,Shopping,7168.06,0
2025-08-22,Zomato,Food,720.92,0
2025-08-22,Starbucks,Food,1042.23,0
2025-08-22,Ola,Travel,1130.84,0
2025-08-23,BookMyShow,Entertainment,1082.75,0
2025-08-23,Swiggy,Food,461.81,0
2025-08-23,Swiggy,Food,104.02,0
2025-08-23,Amazon,Shopping,7043.03,0
2025-08-23,BookMyShow,Entertainment,921.67,0
2025-08-23,Flipkart,Shopping,2687.06,0
2025-08-23,Misc,Other,50.0,0
2025-08-23,Society Maintenance,Rent,30000.0,0
2025-08-23,Jio Fiber,Utilities,2519.56,0
2025-08-24,IRCTC,Travel,755.07,0
2025-08-24,Local Grocery,Food,935.5,0
2025-08-24,Uber,Travel,719.05,0
2025-08-24,Apple Store,Shopping,3855.84,0
2025-08-24,Flipkart,Shopping,570.86,0
2025-08-24,Swiggy,Food,317.78,0
2025-08-24,Flipkart,Shopping,200.83,0
2025-08-24,Supermart,Food,697.61,0
2025-08-24,Ola,Travel,802.96,0
2025-08-25,H&M,Shopping,50.0,0
2025-08-25,Swiggy,Food,3387.01,1
2025-08-25,Hardware Store,Other,446.2,0
2025-08-25,Swiggy,Food,828.82,0
2025-08-25,Apple Store,Shopping,4053.87,0
2025-08-25,Ola,Travel,50.0,0
2025-08-25,IRCTC,Travel,993.61,0
2025-08-25,Ola,Travel,1028.06,0
2025-08-25,Zara,Shopping,4519.74,0
2025-08-26,Society Maintenance,Rent,30000.0,0
2025-08-26,Starbucks,Food,589.74,0
2025-08-26,Hardware Store,Other,173.98,0
2025-08-26,Petrol Pump,Travel,1312.85,0
2025-08-26,Petrol Pump,Travel,1835.96,0
2025-08-26,Water Bill,Utilities,1918.94,0
2025-08-26,Indigo Airlines,Travel,708.12,0
2025-08-26,Landlord,Rent,30000.0,0
2025-08-26,Jio Fiber,Utilities,1864.44,0
2025-08-27,Zomato,Food,647.06,0
2025-08-27,McDonalds,Food,998.76,0
2025-08-27,Zomato,Food,440.89,0
2025-08-27,Pharmacy,Other,636.36,0
2025-08-27,Spotify,Entertainment,3971.95,1
2025-08-27,Petrol Pump,Travel,444.3,0
2025-08-27,Pharmacy,Other,773.49,0
2025-08-27,Pharmacy,Other,1797.01,0
2025-08-27,MakeMyTrip,Travel,50.0,0
2025-08-27,IRCTC,Travel,902.09,0
2025-08-27,Pharmacy,Other,1179.75,0
2025-08-28,Zomato,Food,1070.92,0
2025-08-28,Zomato,Food,603.19,0
2025-08-28,Society Maintenance,Rent,30000.0,0
2025-08-28,Hardware Store,Other,1378.59,0
2025-08-28,Zomato,Food,929.73,0
2025-08-28,Starbucks,Food,667.61,0
2025-08-28,H&M,Shopping,4936.59,0
2025-08-28,Uber,Travel,50.0,0
2025-08-29,Starbucks,Food,334.8,0
2025-08-29,Zara,Shopping,50.0,0
2025-08-29,Local Grocery,Food,50.0,0
2025-08-29,Zara,Shopping,50.0,0
2025-08-29,Steam,Entertainment,1489.98,0
2025-08-29,H&M,Shopping,234.16,0
2025-08-29,H&M,Shopping,50.0,0
2025-08-29,Zara,Shopping,322.87,0
2025-08-29,IRCTC,Travel,1275.72,0
2025-08-29,MakeMyTrip,Travel,1092.74,0
2025-08-30,Starbucks,Food,751.34,0
2025-08-30,Starbucks,Food,50.0,0
2025-08-30,Myntra,Shopping,50.0,0
2025-08-30,Zomato,Food,350.93,0
2025-08-30,Ola,Travel,123.63,0
2025-08-30,Water Bill,Utilities,2652.17,0
2025-08-30,IRCTC,Travel,1581.21,1
2025-08-30,H&M,Shopping,3706.45,0
2025-08-30,Supermart,Food,663.93,0
2025-08-30,Amazon,Shopping,7847.32,0
2025-08-31,Society Maintenance,Rent,438224.39,1
2025-08-31,Landlord,Rent,30000.0,0
2025-08-31,Electricity Board,Utilities,3030.37,0
2025-08-31,Hardware Store,Other,523.47,0
2025-08-31,Uber,Travel,483.64,0
2025-08-31,Zomato,Food,747.55,0
2025-09-01,Spotify,Entertainment,1392.78,0
2025-09-01,Supermart,Food,835.58,0
2025-09-01,Zomato,Food,1304.91,0
2025-09-01,Hardware Store,Other,1415.48,0
2025-09-02,PVR Cinemas,Entertainment,2445.76,0
2025-09-02,Indigo Airlines,Travel,822.4,0
2025-09-02,Steam,Entertainment,902.35,0
2025-09-02,Spotify,Entertainment,935.43,0
2025-09-02,Pharmacy,Other,476.99,0
2025-09-02,Amazon,Shopping,1906.35,0
2025-09-02,Amazon,Shopping,3101.48,0
2025-09-02,Zomato,Food,941.32,0
2025-09-02,Zomato,Food,50.0,0
2025-09-02,Steam,Entertainment,2518.21,0
2025-09-03,Indigo Airlines,Travel,1331.25,0
2025-09-03,Supermart,Food,197.46,0
2025-09-03,Amazon,Shopping,50.0,0
2025-09-03,Netflix,Entertainment,1670.21,0
2025-09-03,Water Bill,Utilities,1214.56,0
2025-09-03,Society Maintenance,Rent,30000.0,0
2025-09-03,Zara,Shopping,4885.73,0
2025-09-03,McDonalds,Food,632.79,0
2025-09-03,Zara,Shopping,3907.79,0
2025-09-03,PVR Cinemas,Entertainment,1412.04,0
2025-09-04,Flipkart,Shopping,2252.05,0
2025-09-04,McDonalds,Food,50.0,0
2025-09-04,MakeMyTrip,Travel,927.31,0
2025-09-04,Supermart,Food,184.26,0
2025-09-04,H&M,Shopping,50.0,0
2025-09-04,Local Grocery,Food,50.0,0
2025-09-04,IRCTC,Travel,463.42,0
2025-09-04,Petrol Pump,Travel,156.92,0
2025-09-04,Petrol Pump,Travel,1176.34,0
2025-09-04,Steam,Entertainment,1629.67,0
2025-09-04,Ola,Travel,50.0,0
2025-09-04,MakeMyTrip,Travel,1707.24,0
2025-09-04,MakeMyTrip,Travel,935.88,0
2025-09-04,McDonalds,Food,50.0,0
2025-09-04,Local Grocery,Food,1170.57,0
2025-09-05,Netflix,Entertainment,79.19,0
2025-09-05,Swiggy,Food,790.31,0
2025-09-05,Landlord,Rent,30000.0,0
2025-09-05,Zara,Shopping,50.0,0
2025-09-05,Jio Fiber,Utilities,1932.85,0
2025-09-05,Society Maintenance,Rent,30000.0,0
2025-09-05,Uber,Travel,847.5,0
2025-09-06,Zara,Shopping,2861.04,0
2025-09-06,Zomato,Food,643.79,0
2025-09-06,Local Grocery,Food,558.72,0
2025-09-06,McDonalds,Food,50.0,0
2025-09-06,Ola,Travel,50.0,0
2025-09-06,Zara,Shopping,2493.69,0
2025-09-06,Spotify,Entertainment,279.46,0
2025-09-06,Water Bill,Utilities,1240.33,0
2025-09-06,Starbucks,Food,50.0,0
2025-09-06,Ola,Travel,1329.89,0
2025-09-07,H&M,Shopping,948.29,0
2025-09-07,Indigo Airlines,Travel,501.18,0
2025-09-07,Indigo Airlines,Travel,1300.23,0
2025-09-07,Hardware Store,Other,50.0,0
2025-09-07,Netflix,Entertainment,1978.47,0
2025-09-07,Uber,Travel,986.77,0
2025-09-07,Hardware Store,Other,1745.75,0
2025-09-07,Landlord,Rent,30000.0,0
2025-09-07,Hardware Store,Other,1467.45,0
2025-09-07,Landlord,Rent,30000.0,0
2025-09-08,Water Bill,Utilities,2804.39,0
2025-09-08,Water Bill,Utilities,1873.62,0
2025-09-08,Apple Store,Shopping,50.0,0
2025-09-08,Swiggy,Food,507.66,0
2025-09-08,Pharmacy,Other,789.24,0
2025-09-08,Starbucks,Food,50.0,0
2025-09-08,Zara,Shopping,4234.14,0
2025-09-08,Supermart,Food,744.09,0
2025-09-08,Water Bill,Utilities,2245.75,0
2025-09-08,Hardware Store,Other,940.44,0
2025-09-08,Hardware Store,Other,1856.12,0
2025-09-08,Hardware Store,Other,50.0,0
2025-09-08,McDonalds,Food,94.87,0
2025-09-09,McDonalds,Food,602.41,0
2025-09-09,Netflix,Entertainment,138.1,0
2025-09-09,H&M,Shopping,50.0,0
2025-09-09,IRCTC,Travel,2424.03,0
2025-09-09,Airtel,Utilities,1870.6,0
2025-09-09,PVR Cinemas,Entertainment,1191.4,0
2025-09-10,Indigo Airlines,Travel,1195.39,0
2025-09-10,Myntra,Shopping,624.84,0
2025-09-10,Pharmacy,Other,1677.94,0
2025-09-10,Netflix,Entertainment,1383.18,0
2025-09-10,Steam,Entertainment,1330.75,0
2025-09-10,Ola,Travel,850.6,0
2025-09-10,Zomato,Food,468.71,0
2025-09-10,Starbucks,Food,940.53,0
2025-09-10,IRCTC,Travel,1789.93,0
2025-09-10,Supermart,Food,212.36,0
2025-09-11,Starbucks,Food,404.43,0
2025-09-11,McDonalds,Food,739.52,0
2025-09-11,Airtel,Utilities,963.3,0
2025-09-11,Supermart,Food,280.18,0
2025-09-11,Steam,Entertainment,1955.29,0
2025-09-11,Swiggy,Food,824.32,0
2025-09-11,Steam,Entertainment,2313.61,0
2025-09-11,Myntra,Shopping,4549.35,0
2025-09-11,Supermart,Food,417.36,0
2025-09-12,Zomato,Food,860.16,0
2025-09-12,Electricity Board,Utilities,2261.07,0
2025-09-12,BookMyShow,Entertainment,2558.67,0
2025-09-12,Starbucks,Food,757.09,0
2025-09-12,Misc,Other,240.48,0
2025-09-12,Zomato,Food,1027.32,0
2025-09-12,Starbucks,Food,926.67,0
2025-09-12,Myntra,Shopping,7337.34,0
2025-09-12,McDonalds,Food,725.19,0
2025-09-12,McDonalds,Food,1081.41,0
2025-09-12,Local Grocery,Food,50.0,0
2025-09-13,Jio Fiber,Utilities,2075.21,0
2025-09-13,Supermart,Food,737.9,0
2025-09-13,Zomato,Food,250.74,0
2025-09-13,Flipkart,Shopping,5413.49,0
2025-09-13,Electricity Board,Utilities,1789.62,0
2025-09-13,Apple Store,Shopping,8681.09,0
2025-09-13,Myntra,Shopping,50.0,0
2025-09-13,Indigo Airlines,Travel,1295.43,0
2025-09-14,Starbucks,Food,590.81,0
2025-09-14,McDonalds,Food,50.0,0
2025-09-14,Airtel,Utilities,1630.97,0
2025-09-14,IRCTC,Travel,528.16,0
2025-09-14,Society Maintenance,Rent,30000.0,0
2025-09-15,Spotify,Entertainment,1060.56,0
2025-09-15,McDonalds,Food,579.17,0
2025-09-15,Zara,Shopping,270.17,0
2025-09-15,Amazon,Shopping,50.0,0
2025-09-15,Amazon,Shopping,4681.43,0
2025-09-15,Landlord,Rent,30000.0,0
2025-09-15,Ola,Travel,1505.01,0
2025-09-15,Zomato,Food,50.0,0
2025-09-16,Hardware Store,Other,1846.98,0
2025-09-16,Swiggy,Food,371.86,0
2025-09-16,McDonalds,Food,288.68,0
2025-09-16,Steam,Entertainment,11267.24,1
2025-09-17,McDonalds,Food,425.21,0
2025-09-17,Zara,Shopping,2438.42,0
2025-09-17,IRCTC,Travel,371.43,0
2025-09-17,Amazon,Shopping,6424.25,0
2025-09-17,H&M,Shopping,3532.99,0
2025-09-17,Zomato,Food,50.0,0
2025-09-17,Amazon,Shopping,50.0,0
2025-09-17,Myntra,Shopping,5075.48,0
2025-09-17,Starbucks,Food,232.74,0
2025-09-18,Apple Store,Shopping,5409.7,0
2025-09-18,H&M,Shopping,1995.51,0
2025-09-18,Zara,Shopping,4287.21,0
2025-09-18,Amazon,Shopping,781.68,0
2025-09-18,Misc,Other,1865.59,0
2025-09-18,PVR Cinemas,Entertainment,432.17,0
2025-09-18,Hardware Store,Other,1470.28,0
2025-09-18,Jio Fiber,Utilities,2001.52,0
2025-09-19,Water Bill,Utilities,1833.09,0
2025-09-19,McDonalds,Food,1231.85,0
2025-09-19,Steam,Entertainment,1149.16,0
2025-09-19,McDonalds,Food,113.21,0
2025-09-19,Flipkart,Shopping,1911.28,0
2025-09-19,Supermart,Food,50.0,0
2025-09-19,Pharmacy,Other,9464.93,1
2025-09-20,Hardware Store,Other,2341.9,0
2025-09-20,Apple Store,Shopping,2621.82,0
2025-09-20,Hardware Store,Other,179.4,0
2025-09-20,Swiggy,Food,212.64,0
2025-09-20,Water Bill,Utilities,1196.26,0
2025-09-20,Ola,Travel,985.93,0
2025-09-20,Electricity Board,Utilities,2819.56,0
2025-09-20,Landlord,Rent,30000.0,0
2025-09-20,Starbucks,Food,1152.74,0
2025-09-21,Netflix,Entertainment,513.13,0
2025-09-21,Supermart,Food,258.87,0
2025-09-21,Starbucks,Food,854.09,0
2025-09-21,Landlord,Rent,30000.0,0
2025-09-21,Swiggy,Food,133.47,0
2025-09-21,Misc,Other,2697.72,0
2025-09-21,Society Maintenance,Rent,30000.0,0
2025-09-22,Indigo Airlines,Travel,1177.13,0
2025-09-22,McDonalds,Food,911.77,0
2025-09-22,Misc,Other,609.67,0
2025-09-22,Starbucks,Food,1021.4,0
2025-09-22,Indigo Airlines,Travel,399.78,0
2025-09-22,Hardware Store,Other,952.47,0
2025-09-22,Water Bill,Utilities,2313.8,0
2025-09-22,Airtel,Utilities,2333.13,0
2025-09-22,Hardware Store,Other,703.51,0
2025-09-23,Zomato,Food,180.32,0
2025-09-23,Flipkart,Shopping,4664.81,0
2025-09-23,Supermart,Food,50.0,0
2025-09-23,H&M,Shopping,803.82,0
2025-09-23,MakeMyTrip,Travel,888.39,0
2025-09-23,Starbucks,Food,1179.98,0
2025-09-23,Zomato,Food,430.26,0
2025-09-23,Misc,Other,858.44,0
2025-09-23,Supermart,Food,1166.14,0
2025-09-23,Starbucks,Food,50.0,0
2025-09-23,Swiggy,Food,477.22,0
2025-09-23,BookMyShow,Entertainment,949.88,0
2025-09-24,Flipkart,Shopping,1219.45,0
2025-09-24,Misc,Other,321.26,0
2025-09-24,Local Grocery,Food,784.56,0
2025-09-24,Starbucks,Food,72.88,0
2025-09-24,Airtel,Utilities,2041.0,0
2025-09-24,McDonalds,Food,936.39,0
2025-09-24,McDonalds,Food,411.5,0
2025-09-24,IRCTC,Travel,1017.0,0
2025-09-24,Indigo Airlines,Travel,1901.79,0
2025-09-24,Supermart,Food,698.75,0
2025-09-24,Landlord,Rent,30000.0,0
2025-09-24,Petrol Pump,Travel,429.37,0
2025-09-25,Zomato,Food,924.55,0
2025-09-25,Local Grocery,Food,50.0,0
2025-09-25,Starbucks,Food,50.0,0
2025-09-25,Hardware Store,Other,1021.85,0
2025-09-25,Starbucks,Food,368.94,0
2025-09-25,Zomato,Food,141.97,0
2025-09-25,Zomato,Food,232.66,0
2025-09-25,Flipkart,Shopping,2753.53,0
2025-09-25,Local Grocery,Food,1167.63,0
2025-09-25,Society Maintenance,Rent,30000.0,0
2025-09-25,Society Maintenance,Rent,30000.0,0
2025-09-25,IRCTC,Travel,145.19,0
2025-09-26,Indigo Airlines,Travel,50.0,0
2025-09-26,Electricity Board,Utilities,1708.2,0
2025-09-26,Steam,Entertainment,731.37,0
2025-09-26,Zomato,Food,50.0,0
2025-09-26,Apple Store,Shopping,334.41,0
2025-09-26,McDonalds,Food,380.4,0
2025-09-27,Netflix,Entertainment,59.52,0
2025-09-27,Zara,Shopping,3046.0,0
2025-09-27,IRCTC,Travel,1928.59,0
2025-09-27,Pharmacy,Other,518.63,0
2025-09-27,Water Bill,Utilities,2225.61,0
2025-09-27,Society Maintenance,Rent,30000.0,0
2025-09-27,Flipkart,Shopping,7837.89,0
2025-09-27,Zara,Shopping,50.0,0
2025-09-27,Airtel,Utilities,2279.07,0
2025-09-27,Petrol Pump,Travel,70.57,0
2025-09-27,Steam,Entertainment,1054.02,0
2025-09-27,Zomato,Food,50.0,0
2025-09-27,Swiggy,Food,706.78,0
2025-09-27,Zomato,Food,1265.61,0
2025-09-28,PVR Cinemas,Entertainment,1435.38,0
2025-09-28,Spotify,Entertainment,143.29,0
2025-09-28,McDonalds,Food,963.75,0
2025-09-28,Airtel,Utilities,2011.95,0
2025-09-28,Amazon,Shopping,2903.73,0
2025-09-28,Ola,Travel,1951.48,0
2025-09-28,Steam,Entertainment,1623.15,0
2025-09-28,Starbucks,Food,50.0,0
2025-09-28,Apple Store,Shopping,504.11,0
2025-09-29,PVR Cinemas,Entertainment,2157.58,0
2025-09-29,BookMyShow,Entertainment,1059.28,0
2025-09-29,Zomato,Food,50.0,0
2025-09-29,Indigo Airlines,Travel,934.33,0
2025-09-29,Flipkart,Shopping,3053.28,0
2025-09-29,Electricity Board,Utilities,2605.97,0
2025-09-29,Apple Store,Shopping,2845.59,0
2025-09-29,Swiggy,Food,1316.83,0
2025-09-29,Myntra,Shopping,50.0,0
2025-09-29,Local Grocery,Food,908.55,0
2025-09-30,Petrol Pump,Travel,328.56,0
2025-09-30,Local Grocery,Food,509.05,0
2025-09-30,Supermart,Food,351.07,0
2025-09-30,Misc,Other,1138.67,0
2025-09-30,Netflix,Entertainment,50.0,0
2025-10-01,Starbucks,Food,491.64,0
2025-10-01,McDonalds,Food,683.07,0
2025-10-01,Jio Fiber,Utilities,1699.68,0
2025-10-01,Airtel,Utilities,1942.73,0
2025-10-01,Misc,Other,479.49,0
2025-10-01,Starbucks,Food,299.29,0
2025-10-01,Misc,Other,772.68,0
2025-10-01,MakeMyTrip,Travel,50.0,0
2025-10-01,Swiggy,Food,605.91,0
2025-10-01,Supermart,Food,774.53,0
2025-10-01,MakeMyTrip,Travel,1336.26,0
2025-10-01,Hardware Store,Other,2203.19,0
2025-10-01,H&M,Shopping,3837.65,0
2025-10-01,Water Bill,Utilities,2420.99,0
2025-10-02,Jio Fiber,Utilities,1987.94,0
2025-10-02,Local Grocery,Food,442.04,0
2025-10-02,Local Grocery,Food,510.48,0
2025-10-02,Ola,Travel,1095.11,0
2025-10-02,Landlord,Rent,30000.0,0
2025-10-02,Netflix,Entertainment,1611.09,0
2025-10-02,Zomato,Food,658.33,0
2025-10-02,Flipkart,Shopping,3819.55,0
2025-10-02,Hardware Store,Other,792.88,0
2025-10-02,PVR Cinemas,Entertainment,2111.22,0
2025-10-02,Supermart,Food,734.12,0
2025-10-03,BookMyShow,Entertainment,1377.13,0
2025-10-03,McDonalds,Food,298.33,0
2025-10-03,Apple Store,Shopping,2435.86,0
2025-10-03,Swiggy,Food,330.31,0
2025-10-03,Amazon,Shopping,3260.5,0
2025-10-03,Zomato,Food,195.46,0
2025-10-03,Water Bill,Utilities,1249.89,0
2025-10-03,Netflix,Entertainment,1246.24,0
2025-10-03,MakeMyTrip,Travel,560.12,0
2025-10-03,Zara,Shopping,4144.51,0
2025-10-03,Uber,Travel,280.27,0
2025-10-03,Airtel,Utilities,2748.36,0
2025-10-03,Society Maintenance,Rent,30000.0,0
2025-10-04,Petrol Pump,Travel,1322.38,0
2025-10-04,Zomato,Food,50.0,0
2025-10-04,Pharmacy,Other,374.4,0
2025-10-04,Electricity Board,Utilities,2175.74,0
2025-10-04,Society Maintenance,Rent,377721.14,1
2025-10-04,Landlord,Rent,30000.0,0
2025-10-04,Swiggy,Food,507.75,0
2025-10-04,Indigo Airlines,Travel,323.98,0
2025-10-05,Indigo Airlines,Travel,1938.17,0
2025-10-05,Supermart,Food,50.0,0
2025-10-05,IRCTC,Travel,50.0,0
2025-10-05,Supermart,Food,474.59,0
2025-10-05,Flipkart,Shopping,2278.63,0
2025-10-05,Netflix,Entertainment,1678.54,0
2025-10-05,Supermart,Food,1184.68,0
2025-10-06,Uber,Travel,1287.32,0
2025-10-06,H&M,Shopping,726.53,0
2025-10-06,Electricity Board,Utilities,2285.31,0
2025-10-06,Steam,Entertainment,396.83,0
2025-10-06,Pharmacy,Other,1714.36,0
2025-10-06,Supermart,Food,612.48,0
2025-10-06,Local Grocery,Food,581.39,0
2025-10-06,Supermart,Food,50.0,0
2025-10-06,Hardware Store,Other,2283.47,0
2025-10-06,Indigo Airlines,Travel,425.67,0
2025-10-06,Swiggy,Food,255.39,0
2025-10-07,Airtel,Utilities,1571.96,0
2025-10-07,Amazon,Shopping,636.23,0
2025-10-07,Myntra,Shopping,3392.82,0
2025-10-07,Misc,Other,944.37,0
2025-10-07,Starbucks,Food,705.56,0
2025-10-07,Supermart,Food,426.74,0
2025-10-08,Jio Fiber,Utilities,2326.16,0
2025-10-08,Pharmacy,Other,1626.71,0
2025-10-08,Supermart,Food,580.93,0
2025-10-08,Supermart,Food,343.34,0
2025-10-08,Local Grocery,Food,1731.55,0
2025-10-08,Starbucks,Food,50.0,0
2025-10-08,Indigo Airlines,Travel,50.0,0
2025-10-08,Swiggy,Food,909.48,0
2025-10-08,Swiggy,Food,703.2,0
2025-10-08,Myntra,Shopping,5612.72,0
2025-10-09,Starbucks,Food,50.0,0
2025-10-09,Apple Store,Shopping,7368.41,0
2025-10-09,MakeMyTrip,Travel,1120.87,0
2025-10-09,McDonalds,Food,256.85,0
2025-10-09,Ola,Travel,1640.18,0
2025-10-09,Swiggy,Food,555.95,0
2025-10-09,IRCTC,Travel,697.06,0
2025-10-09,PVR Cinemas,Entertainment,50.0,0
2025-10-09,Zara,Shopping,3438.03,0
2025-10-09,Local Grocery,Food,394.19,0
2025-10-09,Myntra,Shopping,4977.58,0
2025-10-09,H&M,Shopping,3502.75,0
2025-10-09,Apple Store,Shopping,6046.9,0
2025-10-09,Landlord,Rent,30000.0,0
2025-10-09,Myntra,Shopping,3209.57,0
2025-10-09,Zara,Shopping,5767.7,0
2025-10-09,Indigo Airlines,Travel,1211.82,0
2025-10-09,Amazon,Shopping,2686.36,0
2025-10-10,McDonalds,Food,522.35,0
2025-10-10,Local Grocery,Food,992.0,0
2025-10-10,Hardware Store,Other,929.37,0
2025-10-10,PVR Cinemas,Entertainment,1234.17,0
2025-10-10,H&M,Shopping,2318.64,0
2025-10-10,McDonalds,Food,699.95,0
2025-10-10,Amazon,Shopping,7396.55,0
2025-10-10,MakeMyTrip,Travel,1072.73,0
2025-10-10,Jio Fiber,Utilities,2039.32,0
2025-10-10,Misc,Other,721.08,0
2025-10-10,Starbucks,Food,781.38,0
2025-10-10,Indigo Airlines,Travel,1259.59,0
2025-10-10,McDonalds,Food,58.53,0
2025-10-11,Jio Fiber,Utilities,2644.88,0
2025-10-11,Airtel,Utilities,2375.97,0
2025-10-11,Electricity Board,Utilities,2055.9,0
2025-10-11,MakeMyTrip,Travel,50.0,0
2025-10-11,Steam,Entertainment,269.75,0
2025-10-11,Landlord,Rent,30000.0,0
2025-10-11,Hardware Store,Other,1176.43,0
2025-10-11,Zomato,Food,50.0,0
2025-10-11,Hardware Store,Other,8138.95,1
2025-10-11,IRCTC,Travel,1000.11,0
2025-10-11,Pharmacy,Other,248.08,0
2025-10-12,Supermart,Food,208.62,0
2025-10-12,McDonalds,Food,287.13,0
2025-10-12,Steam,Entertainment,118.17,0
2025-10-12,Hardware Store,Other,854.8,0
2025-10-12,Misc,Other,506.2,0
2025-10-12,MakeMyTrip,Travel,1127.39,0
2025-10-12,Pharmacy,Other,50.0,0
2025-10-12,Spotify,Entertainment,1143.67,0
2025-10-12,Indigo Airlines,Travel,55.05,0
2025-10-12,Petrol Pump,Travel,112.39,0
2025-10-13,Supermart,Food,850.47,0
2025-10-13,MakeMyTrip,Travel,1323.11,0
2025-10-13,Landlord,Rent,30000.0,0
2025-10-13,H&M,Shopping,5421.61,0
2025-10-13,IRCTC,Travel,484.87,0
2025-10-13,Water Bill,Utilities,2466.56,0
2025-10-13,Ola,Travel,625.67,0
2025-10-13,Electricity Board,Utilities,1355.02,0
2025-10-13,Zara,Shopping,174.49,0
2025-10-13,Hardware Store,Other,1441.51,0
2025-10-13,Netflix,Entertainment,835.31,0
2025-10-13,Supermart,Food,228.54,0
2025-10-13,Jio Fiber,Utilities,2492.86,0
2025-10-14,Zomato,Food,497.76,0
2025-10-14,Society Maintenance,Rent,30000.0,0
2025-10-14,Swiggy,Food,500.92,0
2025-10-14,IRCTC,Travel,1690.32,0
2025-10-14,Landlord,Rent,30000.0,0
2025-10-14,Jio Fiber,Utilities,1232.48,0
2025-10-14,Zomato,Food,111.95,0
2025-10-14,McDonalds,Food,1139.42,0
2025-10-14,Starbucks,Food,50.0,0
2025-10-14,Pharmacy,Other,917.4,0
2025-10-14,Amazon,Shopping,5681.27,0
2025-10-14,Starbucks,Food,1427.73,0
2025-10-15,Spotify,Entertainment,77.33,0
2025-10-15,Swiggy,Food,486.18,0
2025-10-15,Starbucks,Food,55.42,0
2025-10-15,Starbucks,Food,5162.64,1
2025-10-15,Netflix,Entertainment,1108.27,0
2025-10-15,Myntra,Shopping,1956.58,0
2025-10-15,Landlord,Rent,30000.0,0
2025-10-15,Zara,Shopping,50.0,0
2025-10-15,Pharmacy,Other,776.19,0
2025-10-15,H&M,Shopping,4847.95,0
2025-10-15,Steam,Entertainment,1762.3,0
2025-10-15,Steam,Entertainment,1040.96,0
2025-10-16,Local Grocery,Food,8502.61,1
2025-10-16,Indigo Airlines,Travel,1311.53,0
2025-10-16,Starbucks,Food,50.0,0
2025-10-16,Hardware Store,Other,973.11,0
2025-10-16,Zomato,Food,50.0,0
2025-10-16,Amazon,Shopping,5005.32,0
2025-10-16,Supermart,Food,432.74,0
2025-10-16,McDonalds,Food,585.03,0
2025-10-17,Jio Fiber,Utilities,2204.13,0
2025-10-17,Steam,Entertainment,1571.2,0
2025-10-17,H&M,Shopping,5919.46,0
2025-10-17,Netflix,Entertainment,1134.92,0
2025-10-17,Local Grocery,Food,227.21,0
2025-10-17,Pharmacy,Other,803.69,0
2025-10-17,Flipkart,Shopping,5288.48,0
2025-10-17,McDonalds,Food,455.4,0
2025-10-17,Amazon,Shopping,2907.41,0
2025-10-18,Jio Fiber,Utilities,1120.63,0
2025-10-18,H&M,Shopping,6178.89,0
2025-10-18,Myntra,Shopping,2287.26,0
2025-10-18,Supermart,Food,797.07,0
2025-10-18,Water Bill,Utilities,1599.98,0
2025-10-18,Starbucks,Food,790.04,0
2025-10-18,H&M,Shopping,4024.41,0
2025-10-18,Petrol Pump,Travel,2120.33,0
2025-10-18,H&M,Shopping,50.0,0
2025-10-19,Electricity Board,Utilities,2524.5,0
2025-10-19,Ola,Travel,2299.59,0
2025-10-19,BookMyShow,Entertainment,50.0,0
2025-10-19,McDonalds,Food,733.1,0
2025-10-19,Flipkart,Shopping,535.49,0
2025-10-19,Pharmacy,Other,1314.65,0
2025-10-19,Local Grocery,Food,50.0,0
2025-10-19,Flipkart,Shopping,4842.11,0
2025-10-19,Local Grocery,Food,534.36,0
2025-10-20,Supermart,Food,351.8,0
2025-10-20,Zomato,Food,50.0,0
2025-10-20,Water Bill,Utilities,1537.72,0
2025-10-20,Local Grocery,Food,520.78,0
2025-10-20,Supermart,Food,373.88,0
2025-10-20,Apple Store,Shopping,5883.98,0
2025-10-20,Society Maintenance,Rent,30000.0,0
2025-10-21,Amazon,Shopping,4037.16,0
2025-10-21,IRCTC,Travel,888.47,0
2025-10-21,Supermart,Food,359.39,0
2025-10-21,Spotify,Entertainment,1947.41,0
2025-10-21,Zomato,Food,371.45,0
2025-10-21,Water Bill,Utilities,1832.75,0
2025-10-22,H&M,Shopping,3526.67,0
2025-10-22,Steam,Entertainment,210.26,0
2025-10-22,Swiggy,Food,344.7,0
2025-10-22,Netflix,Entertainment,643.05,0
2025-10-22,Zara,Shopping,3371.67,0
2025-10-22,Amazon,Shopping,3178.13,0
2025-10-22,McDonalds,Food,751.81,0
2025-10-22,Water Bill,Utilities,12997.17,1
2025-10-22,Zara,Shopping,3974.01,0
2025-10-22,Apple Store,Shopping,1859.7,0
2025-10-23,Uber,Travel,131.41,0
2025-10-23,McDonalds,Food,523.69,0
2025-10-23,Supermart,Food,278.76,0
2025-10-23,Electricity Board,Utilities,1777.03,0
2025-10-23,Starbucks,Food,314.74,0
2025-10-23,Ola,Travel,50.0,0
2025-10-23,Supermart,Food,481.8,0
2025-10-24,Landlord,Rent,30000.0,0
2025-10-24,Spotify,Entertainment,8111.66,1
2025-10-24,Local Grocery,Food,689.22,0
2025-10-24,Zomato,Food,172.71,0
2025-10-24,Hardware Store,Other,1373.14,0
2025-10-24,McDonalds,Food,474.96,0
2025-10-24,Uber,Travel,2946.78,1
2025-10-24,Uber,Travel,2265.24,0
2025-10-24,Hardware Store,Other,1556.69,0
2025-10-24,Water Bill,Utilities,2786.51,0
2025-10-24,Supermart,Food,239.27,0
2025-10-25,Netflix,Entertainment,2312.49,0
2025-10-25,Local Grocery,Food,50.0,0
2025-10-25,Myntra,Shopping,1883.92,0
2025-10-25,Myntra,Shopping,5382.81,0
2025-10-25,Water Bill,Utilities,2429.23,0
2025-10-25,McDonalds,Food,392.59,0
2025-10-25,Zomato,Food,50.0,0
2025-10-26,Hardware Store,Other,1137.8,0
2025-10-26,IRCTC,Travel,1594.9,0
2025-10-26,H&M,Shopping,1357.76,0
2025-10-26,Misc,Other,914.93,0
2025-10-26,Airtel,Utilities,2099.91,0
2025-10-26,Electricity Board,Utilities,2064.61,0
2025-10-26,Netflix,Entertainment,757.02,0
2025-10-26,IRCTC,Travel,768.09,0
2025-10-26,Myntra,Shopping,1971.43,0
2025-10-26,Swiggy,Food,651.66,0
2025-10-26,Landlord,Rent,30000.0,0
2025-10-26,Indigo Airlines,Travel,364.58,0
2025-10-27,Apple Store,Shopping,50.0,0
2025-10-27,Ola,Travel,439.65,0
2025-10-27,Zara,Shopping,2490.82,0
2025-10-27,McDonalds,Food,1256.18,0
2025-10-27,Society Maintenance,Rent,30000.0,0
2025-10-27,Landlord,Rent,30000.0,0
2025-10-27,Swiggy,Food,1062.77,0
2025-10-28,Jio Fiber,Utilities,1768.29,0
2025-10-28,Amazon,Shopping,4285.16,0
2025-10-28,Steam,Entertainment,1212.7,0
2025-10-28,Uber,Travel,1759.38,0
2025-10-28,Apple Store,Shopping,2776.91,0
2025-10-28,Zara,Shopping,50.0,0
2025-10-28,Zomato,Food,602.88,0
2025-10-28,McDonalds,Food,250.26,0
2025-10-28,Misc,Other,1450.3,0
2025-10-29,Airtel,Utilities,1257.22,0
2025-10-29,Local Grocery,Food,50.0,0
2025-10-29,Amazon,Shopping,4144.43,0
2025-10-29,Airtel,Utilities,1972.55,0
2025-10-29,MakeMyTrip,Travel,1754.9,0
2025-10-29,Zomato,Food,249.73,0
2025-10-29,Jio Fiber,Utilities,1986.74,0
2025-10-29,H&M,Shopping,4257.73,0
2025-10-29,Amazon,Shopping,5970.98,0
2025-10-29,H&M,Shopping,3182.99,0
2025-10-30,BookMyShow,Entertainment,789.87,0
2025-10-30,McDonalds,Food,237.05,0
2025-10-30,Starbucks,Food,800.44,0
2025-10-30,Electricity Board,Utilities,1990.74,0
2025-10-30,H&M,Shopping,1432.58,0
2025-10-30,Misc,Other,1403.99,0
2025-10-30,Spotify,Entertainment,87.19,0
2025-10-30,Supermart,Food,634.46,0
2025-10-30,Flipkart,Shopping,3121.3,0
2025-10-30,Myntra,Shopping,7438.28,0
2025-10-30,PVR Cinemas,Entertainment,1825.97,0
2025-10-30,Apple Store,Shopping,3623.27,0
2025-10-30,McDonalds,Food,275.38,0
2025-10-30,Amazon,Shopping,2685.53,0
2025-10-30,Starbucks,Food,827.51,0
2025-10-31,McDonalds,Food,50.0,0
2025-10-31,H&M,Shopping,2604.24,0
2025-10-31,Airtel,Utilities,1012.26,0
2025-10-31,Zomato,Food,999.85,0
2025-10-31,Supermart,Food,776.19,0
2025-10-31,Water Bill,Utilities,1632.35,0
2025-10-31,Indigo Airlines,Travel,1144.0,0
2025-10-31,Spotify,Entertainment,1117.55,0
2025-11-01,Hardware Store,Other,50.0,0
2025-11-01,Flipkart,Shopping,3387.98,0
2025-11-01,H&M,Shopping,4416.93,0
2025-11-01,Electricity Board,Utilities,2255.75,0
2025-11-01,McDonalds,Food,563.79,0
2025-11-01,Landlord,Rent,30000.0,0
2025-11-01,Water Bill,Utilities,2288.28,0
2025-11-01,Swiggy,Food,1081.3,0
2025-11-02,Local Grocery,Food,633.78,0
2025-11-02,Steam,Entertainment,689.84,0
2025-11-02,Society Maintenance,Rent,30000.0,0
2025-11-02,Uber,Travel,1130.68,0
2025-11-02,Water Bill,Utilities,698.43,0
2025-11-02,Landlord,Rent,30000.0,0
2025-11-02,Amazon,Shopping,50.0,0
2025-11-02,Society Maintenance,Rent,30000.0,0
2025-11-02,McDonalds,Food,236.87,0
2025-11-02,Amazon,Shopping,6089.46,0
2025-11-02,McDonalds,Food,792.55,0
2025-11-02,Flipkart,Shopping,661.01,0
2025-11-02,Apple Store,Shopping,2792.24,0
2025-11-03,Petrol Pump,Travel,642.66,0
2025-11-03,Zara,Shopping,4476.06,0
2025-11-03,Myntra,Shopping,2100.58,0
2025-11-03,Amazon,Shopping,6389.09,0
2025-11-03,MakeMyTrip,Travel,1396.7,0
2025-11-03,Pharmacy,Other,2230.43,0
2025-11-03,Jio Fiber,Utilities,2098.26,0
2025-11-03,Netflix,Entertainment,903.24,0
2025-11-03,Swiggy,Food,1552.95,0
2025-11-03,Amazon,Shopping,3534.95,0
2025-11-03,Apple Store,Shopping,5495.78,0
2025-11-04,Airtel,Utilities,2435.65,0
2025-11-04,Starbucks,Food,50.0,0
2025-11-04,Water Bill,Utilities,1983.44,0
2025-11-04,Myntra,Shopping,5662.93,0
2025-11-04,Airtel,Utilities,2057.51,0
2025-11-04,Amazon,Shopping,31616.41,1
2025-11-04,McDonalds,Food,729.63,0
2025-11-04,Supermart,Food,1111.82,0
2025-11-04,Zara,Shopping,6986.11,0
2025-11-04,Hardware Store,Other,1984.0,0
2025-11-04,Supermart,Food,444.24,0
2025-11-04,Jio Fiber,Utilities,1824.04,0
2025-11-04,Swiggy,Food,207.62,0
2025-11-04,Landlord,Rent,30000.0,0
2025-11-04,Jio Fiber,Utilities,3023.43,0
2025-11-04,Petrol Pump,Travel,635.79,0
2025-11-04,BookMyShow,Entertainment,960.83,0
2025-11-04,Spotify,Entertainment,807.47,0
2025-11-05,Amazon,Shopping,50.0,0
2025-11-05,H&M,Shopping,2990.99,0
2025-11-05,Local Grocery,Food,1056.99,0
2025-11-05,Zara,Shopping,1483.25,0
2025-11-05,Electricity Board,Utilities,2398.92,0
2025-11-05,Local Grocery,Food,218.26,0
2025-11-05,Amazon,Shopping,50.0,0
2025-11-05,IRCTC,Travel,1278.5,0
2025-11-05,H&M,Shopping,5933.68,0
2025-11-05,Jio Fiber,Utilities,2357.94,0
2025-11-06,MakeMyTrip,Travel,1893.06,0
2025-11-06,Pharmacy,Other,633.72,0
2025-11-06,Spotify,Entertainment,486.81,0
2025-11-06,Ola,Travel,840.62,0
2025-11-06,Hardware Store,Other,476.74,0
2025-11-06,Starbucks,Food,656.72,0
2025-11-06,Myntra,Shopping,50.0,0
2025-11-06,Jio Fiber,Utilities,1405.17,0
2025-11-06,Amazon,Shopping,938.71,0
2025-11-06,McDonalds,Food,893.07,0
2025-11-06,Zara,Shopping,776.9,0
2025-11-06,Petrol Pump,Travel,1052.98,0
2025-11-06,IRCTC,Travel,50.0,0
2025-11-06,Flipkart,Shopping,40524.37,1
2025-11-07,Uber,Travel,1036.94,0
2025-11-07,Supermart,Food,155.56,0
2025-11-07,Indigo Airlines,Travel,60.41,0
2025-11-07,Landlord,Rent,30000.0,0
2025-11-07,Misc,Other,475.45,0
2025-11-07,Myntra,Shopping,50.0,0
2025-11-07,Local Grocery,Food,50.0,0
2025-11-07,Local Grocery,Food,50.0,0
2025-11-07,Swiggy,Food,439.31,0
2025-11-07,Amazon,Shopping,2096.72,0
2025-11-08,Spotify,Entertainment,1823.32,0
2025-11-08,H&M,Shopping,4103.27,0
2025-11-08,Myntra,Shopping,475.67,0
2025-11-08,Amazon,Shopping,3728.91,0
2025-11-08,PVR Cinemas,Entertainment,50.0,0
2025-11-08,Jio Fiber,Utilities,1622.13,0
2025-11-08,Zomato,Food,924.08,0
2025-11-08,Swiggy,Food,611.6,0
2025-11-08,Landlord,Rent,30000.0,0
2025-11-08,Misc,Other,1429.32,0
2025-11-08,McDonalds,Food,948.95,0
2025-11-09,Spotify,Entertainment,807.74,0
2025-11-09,Uber,Travel,1237.97,0
2025-11-09,Starbucks,Food,411.58,0
2025-11-09,PVR Cinemas,Entertainment,1162.34,0
2025-11-09,Apple Store,Shopping,5884.75,0
2025-11-09,IRCTC,Travel,89.67,0
2025-11-09,BookMyShow,Entertainment,1192.16,0
2025-11-09,MakeMyTrip,Travel,50.0,0
2025-11-09,Pharmacy,Other,2440.41,0
2025-11-10,Starbucks,Food,958.58,0
2025-11-10,Apple Store,Shopping,1652.19,0
2025-11-10,Starbucks,Food,50.0,0
2025-11-10,McDonalds,Food,79.48,0
2025-11-10,Myntra,Shopping,284.68,0
2025-11-10,IRCTC,Travel,625.97,0
2025-11-10,Zara,Shopping,3563.16,0
2025-11-10,Electricity Board,Utilities,1994.45,0
2025-11-10,Spotify,Entertainment,521.99,0
2025-11-11,Water Bill,Utilities,1313.3,0
2025-11-11,Swiggy,Food,829.02,0
2025-11-11,Petrol Pump,Travel,2253.72,0
2025-11-11,Local Grocery,Food,905.75,0
2025-11-11,Netflix,Entertainment,1199.64,0
2025-11-11,IRCTC,Travel,123.69,0
2025-11-11,Flipkart,Shopping,2159.03,0
2025-11-12,Water Bill,Utilities,2138.3,0
2025-11-12,Amazon,Shopping,650.3,0
2025-11-12,Apple Store,Shopping,4805.95,0
2025-11-12,Society Maintenance,Rent,30000.0,0
2025-11-12,Water Bill,Utilities,934.72,0
2025-11-12,Local Grocery,Food,601.77,0
2025-11-12,Netflix,Entertainment,1891.46,0
2025-11-12,Zomato,Food,496.28,0
2025-11-13,Local Grocery,Food,780.6,0
2025-11-13,Starbucks,Food,466.62,0
2025-11-13,Electricity Board,Utilities,2882.73,0
2025-11-13,Petrol Pump,Travel,929.32,0
2025-11-13,Uber,Travel,200.26,0
2025-11-13,Misc,Other,14984.41,1
2025-11-13,BookMyShow,Entertainment,609.84,0
2025-11-13,Uber,Travel,804.5,0
2025-11-13,Spotify,Entertainment,337.44,0
2025-11-14,Netflix,Entertainment,1783.11,0
2025-11-14,Water Bill,Utilities,2289.65,0
2025-11-14,Hardware Store,Other,580.44,0
2025-11-14,Amazon,Shopping,7257.93,0
2025-11-14,Petrol Pump,Travel,1019.19,0
2025-11-14,Hardware Store,Other,50.0,0
2025-11-14,Airtel,Utilities,1820.99,0
2025-11-14,Amazon,Shopping,936.26,0
2025-11-14,Petrol Pump,Travel,1832.75,0
2025-11-15,Spotify,Entertainment,950.4,0
2025-11-15,Zara,Shopping,3768.51,0
2025-11-15,Landlord,Rent,30000.0,0
2025-11-16,IRCTC,Travel,68.63,0
2025-11-16,IRCTC,Travel,236.38,0
2025-11-16,Misc,Other,752.71,0
2025-11-16,Steam,Entertainment,2650.02,0
2025-11-16,Myntra,Shopping,3492.15,0
2025-11-16,Zomato,Food,603.46,0
2025-11-16,Pharmacy,Other,1752.62,0
2025-11-16,Starbucks,Food,489.08,0
2025-11-16,Swiggy,Food,816.15,0
2025-11-16,Supermart,Food,299.44,0
2025-11-16,H&M,Shopping,4574.07,0
2025-11-16,Netflix,Entertainment,476.88,0
2025-11-17,Petrol Pump,Travel,455.67,0
2025-11-17,Zomato,Food,527.75,0
2025-11-17,McDonalds,Food,975.07,0
2025-11-17,Uber,Travel,2092.7,0
2025-11-17,Jio Fiber,Utilities,1645.21,0
2025-11-17,MakeMyTrip,Travel,1126.58,0
2025-11-17,Uber,Travel,1422.33,0
2025-11-17,Amazon,Shopping,10463.15,0
2025-11-17,Zomato,Food,546.33,0
2025-11-17,Indigo Airlines,Travel,1968.32,0
2025-11-18,Ola,Travel,1298.13,0
2025-11-18,Spotify,Entertainment,50.0,0
2025-11-18,Jio Fiber,Utilities,1724.51,0
2025-11-18,McDonalds,Food,1042.5,0
2025-11-18,Starbucks,Food,50.0,0
2025-11-18,Starbucks,Food,997.87,0
2025-11-18,Misc,Other,1975.18,0
2025-11-18,Indigo Airlines,Travel,1268.19,0
2025-11-18,MakeMyTrip,Travel,1401.71,0
2025-11-18,H&M,Shopping,691.92,0
2025-11-18,Flipkart,Shopping,2944.25,0
2025-11-18,Local Grocery,Food,890.22,0
2025-11-18,Pharmacy,Other,74.87,0
2025-11-18,Indigo Airlines,Travel,1912.04,0
2025-11-18,Uber,Travel,744.65,0
2025-11-18,Misc,Other,2225.89,0
2025-11-18,Supermart,Food,277.92,0
2025-11-18,Starbucks,Food,749.08,0
2025-11-18,Pharmacy,Other,1339.25,0
2025-11-18,Myntra,Shopping,4378.69,0
2025-11-18,Local Grocery,Food,575.79,0
2025-11-19,Supermart,Food,871.76,0
2025-11-19,Landlord,Rent,30000.0,0
2025-11-19,Swiggy,Food,753.11,0
2025-11-19,PVR Cinemas,Entertainment,50.0,0
2025-11-19,Myntra,Shopping,2122.88,0
2025-11-19,Apple Store,Shopping,4731.81,0
2025-11-19,McDonalds,Food,1086.26,0
2025-11-19,Jio Fiber,Utilities,1888.4,0
2025-11-19,Landlord,Rent,30000.0,0
2025-11-20,Jio Fiber,Utilities,1873.82,0
2025-11-20,Hardware Store,Other,1319.75,0
2025-11-20,Supermart,Food,657.39,0
2025-11-20,Netflix,Entertainment,85.6,0
2025-11-20,Jio Fiber,Utilities,2226.77,0
2025-11-20,Swiggy,Food,488.29,0
2025-11-20,Starbucks,Food,165.94,0
2025-11-20,Hardware Store,Other,50.0,0
2025-11-20,Electricity Board,Utilities,2250.07,0
2025-11-20,Pharmacy,Other,1650.02,0
2025-11-21,Steam,Entertainment,2098.93,0
2025-11-21,McDonalds,Food,50.0,0
2025-11-21,Landlord,Rent,30000.0,0
2025-11-21,Flipkart,Shopping,7138.52,0
2025-11-21,Zomato,Food,1155.34,0
2025-11-21,Local Grocery,Food,445.08,0
2025-11-21,Local Grocery,Food,335.03,0
2025-11-21,Local Grocery,Food,50.0,0
2025-11-21,Amazon,Shopping,2261.3,0
2025-11-21,Amazon,Shopping,45213.27,1
2025-11-22,Apple Store,Shopping,2921.4,0
2025-11-22,Uber,Travel,1235.55,0
2025-11-22,Swiggy,Food,412.3,1
2025-11-22,Local Grocery,Food,386.05,0
2025-11-22,Netflix,Entertainment,121.1,0
2025-11-22,Steam,Entertainment,2201.07,0
2025-11-22,Hardware Store,Other,559.57,0
2025-11-22,Zomato,Food,94.1,0
2025-11-22,Indigo Airlines,Travel,2488.17,0
2025-11-22,Jio Fiber,Utilities,2310.34,0
2025-11-22,Indigo Airlines,Travel,88.92,0
2025-11-22,MakeMyTrip,Travel,1278.33,0
2025-11-22,McDonalds,Food,619.86,0
2025-11-23,Hardware Store,Other,2160.91,0
2025-11-23,Swiggy,Food,216.84,0
2025-11-23,Electricity Board,Utilities,1778.36,0
2025-11-23,Society Maintenance,Rent,30000.0,0
2025-11-23,Supermart,Food,761.75,0
2025-11-23,Steam,Entertainment,538.49,0
2025-11-23,IRCTC,Travel,1277.45,0
2025-11-24,Myntra,Shopping,2441.34,0
2025-11-24,Zomato,Food,511.33,0
2025-11-24,Swiggy,Food,1067.41,0
2025-11-24,Flipkart,Shopping,3628.29,0
2025-11-24,Indigo Airlines,Travel,756.47,0
2025-11-24,Zomato,Food,188.68,0
2025-11-24,Misc,Other,670.5,0
2025-11-25,Swiggy,Food,518.96,0
2025-11-25,Supermart,Food,1012.38,0
2025-11-25,Ola,Travel,1945.06,0
2025-11-25,Hardware Store,Other,1936.16,0
2025-11-25,McDonalds,Food,409.01,0
2025-11-25,Local Grocery,Food,580.18,0
2025-11-25,Amazon,Shopping,6996.62,0
2025-11-25,McDonalds,Food,566.58,0
2025-11-25,Electricity Board,Utilities,3062.39,0
2025-11-26,Apple Store,Shopping,2596.79,0
2025-11-26,Landlord,Rent,30000.0,0
2025-11-26,Water Bill,Utilities,1797.8,0
2025-11-26,Myntra,Shopping,2017.37,0
2025-11-26,Starbucks,Food,429.66,0
2025-11-26,Flipkart,Shopping,50.0,0
2025-11-26,Indigo Airlines,Travel,224.45,0
2025-11-26,MakeMyTrip,Travel,1113.4,0
2025-11-26,McDonalds,Food,372.7,0
2025-11-26,Amazon,Shopping,3546.34,0
2025-11-26,PVR Cinemas,Entertainment,1946.79,0
2025-11-26,Local Grocery,Food,50.0,0
2025-11-26,McDonalds,Food,176.69,0
2025-11-27,Zomato,Food,1255.08,0
2025-11-27,Flipkart,Shopping,936.47,0
2025-11-27,Landlord,Rent,30000.0,0
2025-11-27,Society Maintenance,Rent,30000.0,0
2025-11-27,Misc,Other,939.3,0
2025-11-27,Myntra,Shopping,2453.37,0
2025-11-27,Society Maintenance,Rent,30000.0,0
2025-11-27,McDonalds,Food,1625.86,0
2025-11-27,McDonalds,Food,50.0,0
2025-11-27,Ola,Travel,578.75,0
2025-11-27,Water Bill,Utilities,2424.22,0
2025-11-28,Electricity Board,Utilities,2218.47,0
2025-11-28,BookMyShow,Entertainment,1340.67,0
2025-11-28,Supermart,Food,484.84,0
2025-11-28,Zomato,Food,679.09,0
2025-11-28,Hardware Store,Other,2007.39,0
2025-11-28,Misc,Other,796.02,0
2025-11-28,Zara,Shopping,5721.92,0
2025-11-28,Misc,Other,1400.88,0
2025-11-28,Zara,Shopping,1213.3,0
2025-11-28,Swiggy,Food,833.57,0
2025-11-29,Starbucks,Food,958.41,0
2025-11-29,H&M,Shopping,3702.48,0
2025-11-29,McDonalds,Food,140.87,0
2025-11-29,Electricity Board,Utilities,1898.9,0
2025-11-29,Airtel,Utilities,1457.09,0
2025-11-29,Airtel,Utilities,1935.09,0
2025-11-30,Zomato,Food,50.0,0
2025-11-30,Zomato,Food,451.3,0
2025-11-30,Myntra,Shopping,2793.3,0
2025-11-30,Flipkart,Shopping,50.0,0
2025-11-30,PVR Cinemas,Entertainment,2303.33,0
2025-11-30,Spotify,Entertainment,2329.18,0
2025-11-30,Flipkart,Shopping,1809.45,0
2025-11-30,Petrol Pump,Travel,2167.91,0
2025-11-30,Society Maintenance,Rent,30000.0,0
2025-11-30,Supermart,Food,647.86,0
2025-12-01,IRCTC,Travel,50.0,0
2025-12-01,Swiggy,Food,1051.39,0
2025-12-01,Society Maintenance,Rent,30000.0,0
2025-12-01,Amazon,Shopping,5714.96,0
2025-12-01,Petrol Pump,Travel,1052.99,0
2025-12-01,Airtel,Utilities,1568.06,0
2025-12-01,Starbucks,Food,429.29,0
2025-12-01,MakeMyTrip,Travel,1458.83,0
2025-12-01,Ola,Travel,1029.52,0
2025-12-02,Apple Store,Shopping,6825.49,0
2025-12-02,H&M,Shopping,1464.69,0
2025-12-02,Landlord,Rent,30000.0,0
2025-12-02,Starbucks,Food,854.48,0
2025-12-02,H&M,Shopping,3481.49,0
2025-12-02,Pharmacy,Other,258.46,0
2025-12-02,Society Maintenance,Rent,176687.82,1
2025-12-02,Zomato,Food,187.92,0
2025-12-02,PVR Cinemas,Entertainment,50.0,0
2025-12-03,Supermart,Food,590.3,0
2025-12-03,Local Grocery,Food,50.0,0
2025-12-03,Zomato,Food,538.83,0
2025-12-03,Starbucks,Food,991.59,0
2025-12-03,Zara,Shopping,50.0,0
2025-12-03,MakeMyTrip,Travel,1153.83,0
2025-12-03,Steam,Entertainment,282.69,0
2025-12-04,Steam,Entertainment,95.29,0
2025-12-04,Hardware Store,Other,1477.78,0
2025-12-04,Apple Store,Shopping,50.0,0
2025-12-04,IRCTC,Travel,919.32,0
2025-12-04,Supermart,Food,422.47,0
2025-12-04,Myntra,Shopping,50.0,0
2025-12-04,Uber,Travel,50.0,0
2025-12-04,Landlord,Rent,30000.0,0
2025-12-05,Netflix,Entertainment,482.74,0
2025-12-05,IRCTC,Travel,1032.83,0
2025-12-05,Supermart,Food,217.24,0
2025-12-05,Apple Store,Shopping,2555.21,0
2025-12-05,Jio Fiber,Utilities,1502.79,0
2025-12-05,Misc,Other,1270.42,0
2025-12-05,Jio Fiber,Utilities,3078.65,0
2025-12-05,Local Grocery,Food,61.08,0
2025-12-05,Petrol Pump,Travel,803.58,0
2025-12-05,Starbucks,Food,841.81,0
2025-12-05,Local Grocery,Food,351.26,0
2025-12-05,Uber,Travel,758.12,0
2025-12-06,Society Maintenance,Rent,30000.0,0
2025-12-06,Uber,Travel,50.0,0
2025-12-06,Swiggy,Food,290.17,0
2025-12-06,Pharmacy,Other,459.43,0
2025-12-06,Myntra,Shopping,490.11,0
2025-12-06,Starbucks,Food,312.33,0
2025-12-06,H&M,Shopping,50.0,0
2025-12-06,Indigo Airlines,Travel,50.94,0
2025-12-06,Society Maintenance,Rent,30000.0,0
2025-12-06,Myntra,Shopping,3620.55,0
2025-12-06,Zara,Shopping,8140.52,0
2025-12-06,Airtel,Utilities,1310.19,0
2025-12-06,McDonalds,Food,461.58,0
2025-12-06,Local Grocery,Food,976.68,0
2025-12-06,Zara,Shopping,2447.59,0
2025-12-06,IRCTC,Travel,50.0,0
2025-12-06,Pharmacy,Other,438.36,0
2025-12-07,Zomato,Food,635.18,0
2025-12-07,Hardware Store,Other,1380.34,0
2025-12-07,Zomato,Food,930.14,0
2025-12-07,Electricity Board,Utilities,2340.68,0
2025-12-07,Misc,Other,889.24,0
2025-12-07,Hardware Store,Other,816.49,0
2025-12-07,Netflix,Entertainment,1492.29,0
2025-12-08,Water Bill,Utilities,1657.69,0
2025-12-08,Starbucks,Food,50.0,0
2025-12-08,Society Maintenance,Rent,30000.0,0
2025-12-08,Supermart,Food,1069.8,0
2025-12-08,Supermart,Food,293.91,0
2025-12-08,Zomato,Food,343.19,0
2025-12-08,Hardware Store,Other,3154.43,0
2025-12-08,Local Grocery,Food,1745.16,0
2025-12-08,Pharmacy,Other,50.0,0
2025-12-08,Petrol Pump,Travel,1695.63,0
2025-12-08,Zomato,Food,705.45,0
2025-12-09,Electricity Board,Utilities,1074.08,0
2025-12-09,Electricity Board,Utilities,1709.68,0
2025-12-09,Zomato,Food,100.65,0
2025-12-09,Zomato,Food,50.0,0
2025-12-09,Apple Store,Shopping,2052.18,0
2025-12-09,Starbucks,Food,141.86,0
2025-12-09,Misc,Other,50.0,0
2025-12-09,IRCTC,Travel,822.68,0
2025-12-09,Zomato,Food,698.32,0
2025-12-09,Water Bill,Utilities,1547.13,0
2025-12-10,Local Grocery,Food,50.0,0
2025-12-10,IRCTC,Travel,1270.36,0
2025-12-10,Zara,Shopping,3074.39,0
2025-12-10,Netflix,Entertainment,2329.01,0
2025-12-10,Zara,Shopping,1956.42,0
2025-12-10,Supermart,Food,1166.19,0
2025-12-10,Zomato,Food,734.55,0
2025-12-10,Starbucks,Food,914.1,0
2025-12-10,Local Grocery,Food,71.14,0
2025-12-11,Indigo Airlines,Travel,1070.43,0
2025-12-11,Misc,Other,1865.41,0
2025-12-11,McDonalds,Food,806.97,0
2025-12-11,Netflix,Entertainment,579.5,0
2025-12-11,Starbucks,Food,905.05,0
2025-12-11,Apple Store,Shopping,4648.11,0
2025-12-11,Spotify,Entertainment,408.78,0
2025-12-11,Flipkart,Shopping,50.0,0
2025-12-11,McDonalds,Food,741.52,0
2025-12-11,Indigo Airlines,Travel,310.19,0
2025-12-12,McDonalds,Food,615.91,0
2025-12-12,McDonalds,Food,1016.26,0
2025-12-12,Airtel,Utilities,2140.08,0
2025-12-12,Electricity Board,Utilities,2358.77,0
2025-12-12,Supermart,Food,484.5,0
2025-12-12,Hardware Store,Other,81.85,0
2025-12-12,Zomato,Food,900.65,0
2025-12-12,Water Bill,Utilities,2463.09,0
2025-12-12,Pharmacy,Other,1250.55,0
2025-12-12,Local Grocery,Food,196.12,0
2025-12-12,McDonalds,Food,1050.6,0
2025-12-12,Petrol Pump,Travel,1549.26,0
2025-12-13,Hardware Store,Other,1255.83,0
2025-12-13,Uber,Travel,50.0,0
2025-12-13,Misc,Other,50.0,0
2025-12-13,Petrol Pump,Travel,1544.76,0
2025-12-13,McDonalds,Food,799.96,0
2025-12-13,Netflix,Entertainment,1185.64,0
2025-12-13,Swiggy,Food,50.0,0
2025-12-14,Hardware Store,Other,1061.48,0
2025-12-14,Swiggy,Food,963.24,0
2025-12-14,Water Bill,Utilities,2258.09,0
2025-12-14,IRCTC,Travel,725.08,0
2025-12-15,Steam,Entertainment,2169.76,0
2025-12-15,Swiggy,Food,1131.69,0
2025-12-15,IRCTC,Travel,1742.36,0
2025-12-15,Zomato,Food,636.46,0
2025-12-15,Supermart,Food,190.97,0
2025-12-15,Local Grocery,Food,50.0,0
2025-12-15,Society Maintenance,Rent,30000.0,0
2025-12-15,Zomato,Food,734.47,0
2025-12-15,Zara,Shopping,6377.68,0
2025-12-16,Supermart,Food,734.36,0
2025-12-16,H&M,Shopping,6098.96,0
2025-12-16,Hardware Store,Other,398.27,0
2025-12-16,McDonalds,Food,618.79,0
2025-12-16,Landlord,Rent,30000.0,0
2025-12-16,Swiggy,Food,304.69,0
2025-12-16,H&M,Shopping,5976.62,0
2025-12-16,Flipkart,Shopping,7183.63,0
2025-12-16,Apple Store,Shopping,5101.55,0
2025-12-16,Swiggy,Food,968.69,0
2025-12-16,Society Maintenance,Rent,30000.0,0
2025-12-16,Myntra,Shopping,1684.38,0
2025-12-17,Hardware Store,Other,710.05,0
2025-12-17,Petrol Pump,Travel,1756.81,0
2025-12-17,McDonalds,Food,553.19,0
2025-12-17,IRCTC,Travel,579.44,0
2025-12-17,Petrol Pump,Travel,50.0,0
2025-12-17,Swiggy,Food,423.73,0
2025-12-17,Ola,Travel,325.6,0
2025-12-17,Zara,Shopping,32122.54,1
2025-12-17,Apple Store,Shopping,1418.11,0
2025-12-17,Swiggy,Food,681.4,0
2025-12-17,Society Maintenance,Rent,30000.0,0
2025-12-17,Starbucks,Food,199.28,0
2025-12-17,Jio Fiber,Utilities,2227.95,0
2025-12-18,PVR Cinemas,Entertainment,982.91,0
2025-12-18,Myntra,Shopping,6951.35,0
2025-12-18,Spotify,Entertainment,50.0,0
2025-12-18,Apple Store,Shopping,2040.07,0
2025-12-18,Hardware Store,Other,1340.26,0
2025-12-18,Electricity Board,Utilities,2186.05,0
2025-12-18,Starbucks,Food,559.24,0
2025-12-18,Starbucks,Food,506.23,0
2025-12-18,Pharmacy,Other,801.05,0
2025-12-18,H&M,Shopping,50.0,0
2025-12-18,Water Bill,Utilities,2024.65,0
2025-12-18,Airtel,Utilities,2078.35,0
2025-12-18,Petrol Pump,Travel,689.39,0
2025-12-18,Supermart,Food,50.0,0
2025-12-19,Hardware Store,Other,50.0,0
2025-12-19,Supermart,Food,239.43,0
2025-12-19,Landlord,Rent,30000.0,0
2025-12-19,Jio Fiber,Utilities,2357.69,0
2025-12-19,Myntra,Shopping,5408.44,0
2025-12-19,Water Bill,Utilities,1889.23,0
2025-12-19,Local Grocery,Food,50.0,0
2025-12-19,Hardware Store,Other,28963.87,1
2025-12-19,Uber,Travel,471.37,0
2025-12-19,Misc,Other,1809.17,0
2025-12-20,Apple Store,Shopping,1436.09,0
2025-12-20,Supermart,Food,50.0,0
2025-12-20,Pharmacy,Other,928.21,0
2025-12-20,Pharmacy,Other,973.84,0
2025-12-20,Starbucks,Food,793.95,0
2025-12-20,H&M,Shopping,1786.59,0
2025-12-20,Flipkart,Shopping,5331.09,0
2025-12-21,Water Bill,Utilities,2455.68,0
2025-12-21,Airtel,Utilities,2317.71,0
2025-12-21,BookMyShow,Entertainment,1952.44,0
2025-12-21,Petrol Pump,Travel,1487.88,0
2025-12-21,Swiggy,Food,603.89,0
2025-12-21,Steam,Entertainment,50.0,0
2025-12-22,Water Bill,Utilities,2856.02,0
2025-12-22,Society Maintenance,Rent,30000.0,0
2025-12-22,Apple Store,Shopping,50.0,0
2025-12-22,Airtel,Utilities,1990.18,0
2025-12-22,Flipkart,Shopping,70913.49,1
2025-12-22,Petrol Pump,Travel,1446.99,0
2025-12-22,Jio Fiber,Utilities,1876.12,0
2025-12-22,Flipkart,Shopping,8727.36,0
2025-12-22,Apple Store,Shopping,2472.17,0
2025-12-22,Myntra,Shopping,5967.58,0
2025-12-23,Supermart,Food,980.98,0
2025-12-23,Starbucks,Food,991.07,0
2025-12-23,Hardware Store,Other,2145.09,0
2025-12-23,MakeMyTrip,Travel,1550.08,0
2025-12-23,Zara,Shopping,3866.22,0
2025-12-23,H&M,Shopping,6202.54,0
2025-12-23,Electricity Board,Utilities,1497.2,0
2025-12-23,Landlord,Rent,30000.0,0
2025-12-23,BookMyShow,Entertainment,1805.96,0
2025-12-23,Apple Store,Shopping,6633.19,0
2025-12-23,Flipkart,Shopping,1162.0,0
2025-12-24,Myntra,Shopping,4560.3,0
2025-12-24,Flipkart,Shopping,3743.11,0
2025-12-24,Electricity Board,Utilities,1747.61,0
2025-12-24,BookMyShow,Entertainment,151.52,0
2025-12-24,Society Maintenance,Rent,30000.0,0
2025-12-24,Misc,Other,704.38,0
2025-12-24,Indigo Airlines,Travel,963.69,0
2025-12-24,Flipkart,Shopping,50.0,0
2025-12-24,Starbucks,Food,972.63,0
2025-12-24,Airtel,Utilities,2862.35,0
2025-12-24,Zomato,Food,525.79,0
2025-12-24,Myntra,Shopping,1781.99,0
2025-12-25,Myntra,Shopping,2466.38,0
2025-12-25,Jio Fiber,Utilities,1719.91,0
2025-12-25,Myntra,Shopping,4041.12,0
2025-12-25,Zomato,Food,825.41,0
2025-12-25,Netflix,Entertainment,1259.57,0
2025-12-25,Zara,Shopping,6551.26,0
2025-12-26,Supermart,Food,480.39,0
2025-12-26,Apple Store,Shopping,4732.76,0
2025-12-26,Indigo Airlines,Travel,874.5,0
2025-12-26,Spotify,Entertainment,1783.09,0
2025-12-26,BookMyShow,Entertainment,170.35,0
2025-12-26,Society Maintenance,Rent,30000.0,0
2025-12-26,Hardware Store,Other,537.66,0
2025-12-26,Hardware Store,Other,1264.68,0
2025-12-26,Uber,Travel,476.41,0
2025-12-26,Netflix,Entertainment,60.9,0
2025-12-27,Petrol Pump,Travel,1465.3,0
2025-12-27,Amazon,Shopping,287.12,0
2025-12-27,Zomato,Food,173.16,0
2025-12-27,MakeMyTrip,Travel,1690.65,0
2025-12-27,Pharmacy,Other,735.9,0
2025-12-27,Airtel,Utilities,2046.69,0
2025-12-27,BookMyShow,Entertainment,1002.52,0
2025-12-27,McDonalds,Food,273.48,0
2025-12-27,Misc,Other,1469.91,0
2025-12-27,PVR Cinemas,Entertainment,1330.22,0
2025-12-27,BookMyShow,Entertainment,1237.26,0
2025-12-27,Swiggy,Food,310.02,0
2025-12-27,Water Bill,Utilities,1278.2,0
2025-12-27,Indigo Airlines,Travel,753.71,0
2025-12-28,Supermart,Food,692.36,0
2025-12-28,Spotify,Entertainment,616.93,0
2025-12-28,Apple Store,Shopping,1992.31,0
2025-12-28,Flipkart,Shopping,4860.46,0
2025-12-28,Jio Fiber,Utilities,1933.92,0
2025-12-28,Jio Fiber,Utilities,1988.57,0
2025-12-28,Ola,Travel,1483.07,0
2025-12-28,Swiggy,Food,1115.17,0
2025-12-28,McDonalds,Food,50.0,0
2025-12-28,Misc,Other,1290.91,0
2025-12-28,Misc,Other,2566.68,0
2025-12-29,McDonalds,Food,630.77,0
2025-12-29,Apple Store,Shopping,5388.17,0
2025-12-29,Supermart,Food,817.4,0
2025-12-29,Uber,Travel,966.99,0
2025-12-29,Supermart,Food,447.94,0
2025-12-29,Supermart,Food,50.0,0
2025-12-29,Airtel,Utilities,2156.19,0
2025-12-29,Hardware Store,Other,730.33,0
2025-12-29,Swiggy,Food,50.0,0
2025-12-29,Apple Store,Shopping,4893.74,0
2025-12-29,Local Grocery,Food,586.97,0
2025-12-29,Jio Fiber,Utilities,2988.22,0
2025-12-30,Local Grocery,Food,1252.81,0
2025-12-30,Misc,Other,1823.97,0
2025-12-30,Local Grocery,Food,992.09,0
2025-12-30,Landlord,Rent,30000.0,0
2025-12-30,Misc,Other,1537.22,0
2025-12-30,Ola,Travel,578.51,0
2025-12-30,Apple Store,Shopping,6097.37,0
2025-12-30,Starbucks,Food,50.0,0
2025-12-30,Supermart,Food,317.08,0
2025-12-30,Electricity Board,Utilities,1954.08,0
2025-12-30,Zomato,Food,50.0,0
2025-12-31,Hardware Store,Other,262.51,0
2025-12-31,Starbucks,Food,549.07,0
2025-12-31,MakeMyTrip,Travel,850.1,0
2025-12-31,Ola,Travel,1589.54,0
2025-12-31,Petrol Pump,Travel,50.0,0
2025-12-31,Zomato,Food,108.6,0
2025-12-31,Petrol Pump,Travel,1644.63,0
2025-12-31,McDonalds,Food,1078.92,0
2026-01-01,Netflix,Entertainment,1796.47,0
2026-01-01,Jio Fiber,Utilities,2170.88,0
2026-01-01,Landlord,Rent,30000.0,0
2026-01-01,Supermart,Food,490.26,0
2026-01-01,Local Grocery,Food,608.63,0
2026-01-01,Amazon,Shopping,4366.83,0
2026-01-01,Society Maintenance,Rent,30000.0,0
2026-01-01,Water Bill,Utilities,2159.76,0
2026-01-01,McDonalds,Food,290.14,0
2026-01-01,Hardware Store,Other,803.15,0
2026-01-02,Amazon,Shopping,1058.75,0
2026-01-02,Electricity Board,Utilities,2105.3,0
2026-01-02,Supermart,Food,407.65,0
2026-01-02,Myntra,Shopping,50.0,0
2026-01-02,Local Grocery,Food,457.62,0
2026-01-02,Uber,Travel,50.0,0
2026-01-02,H&M,Shopping,5986.48,0
2026-01-02,H&M,Shopping,4483.89,0
2026-01-02,Water Bill,Utilities,2034.9,0
2026-01-02,Netflix,Entertainment,2676.67,0
2026-01-02,Supermart,Food,50.0,0
2026-01-03,Starbucks,Food,197.28,0
2026-01-03,Ola,Travel,1243.33,0
2026-01-03,Uber,Travel,466.94,0
2026-01-03,Myntra,Shopping,7623.41,0
2026-01-03,Myntra,Shopping,4048.83,0
2026-01-03,Misc,Other,2479.16,0
2026-01-03,Zara,Shopping,2664.96,0
2026-01-03,McDonalds,Food,655.43,0
2026-01-03,Indigo Airlines,Travel,1624.96,0
2026-01-04,Misc,Other,2517.83,0
2026-01-04,IRCTC,Travel,50.0,0
2026-01-04,Swiggy,Food,831.79,0
2026-01-04,Electricity Board,Utilities,1744.99,0
2026-01-04,H&M,Shopping,1791.1,0
2026-01-04,Zomato,Food,705.23,0
2026-01-04,Electricity Board,Utilities,2451.14,0
2026-01-04,Apple Store,Shopping,352.73,0
2026-01-04,Landlord,Rent,30000.0,0
2026-01-04,Misc,Other,77.05,0
2026-01-04,MakeMyTrip,Travel,1738.32,0
2026-01-04,Water Bill,Utilities,1675.0,0
2026-01-04,Starbucks,Food,865.51,0
2026-01-04,Supermart,Food,745.41,0
2026-01-05,Apple Store,Shopping,2568.43,0
2026-01-05,Landlord,Rent,30000.0,0
2026-01-05,Misc,Other,1509.86,0
2026-01-05,Uber,Travel,1174.37,0
2026-01-05,McDonalds,Food,123.84,0
2026-01-05,Myntra,Shopping,3154.2,0
2026-01-05,Zomato,Food,198.51,0
2026-01-06,Misc,Other,2012.57,0
2026-01-06,Zara,Shopping,7315.57,0
2026-01-06,Zomato,Food,97.59,0
2026-01-06,Local Grocery,Food,404.42,0
2026-01-06,Starbucks,Food,148.07,0
2026-01-06,BookMyShow,Entertainment,50.0,0
2026-01-06,BookMyShow,Entertainment,2121.28,0
2026-01-07,Supermart,Food,1412.66,0
2026-01-07,McDonalds,Food,264.27,0
2026-01-07,IRCTC,Travel,684.06,0
2026-01-07,Petrol Pump,Travel,137.98,0
2026-01-07,Hardware Store,Other,1152.4,0
2026-01-07,McDonalds,Food,619.5,0
2026-01-07,Local Grocery,Food,383.28,0
2026-01-07,IRCTC,Travel,1135.88,0
2026-01-07,Misc,Other,56.43,0
2026-01-07,Apple Store,Shopping,3769.03,0
2026-01-08,Hardware Store,Other,1564.86,0
2026-01-08,Netflix,Entertainment,50.0,0
2026-01-08,Starbucks,Food,402.92,0
2026-01-08,Landlord,Rent,30000.0,0
2026-01-08,Water Bill,Utilities,2923.32,0
2026-01-08,Steam,Entertainment,725.96,0
2026-01-08,Amazon,Shopping,4306.29,0
2026-01-08,Flipkart,Shopping,2479.71,0
2026-01-09,Flipkart,Shopping,3799.13,0
2026-01-09,Pharmacy,Other,356.84,0
2026-01-10,IRCTC,Travel,719.64,0
2026-01-10,Amazon,Shopping,1852.27,0
2026-01-10,Airtel,Utilities,583.84,0
2026-01-10,Society Maintenance,Rent,30000.0,0
2026-01-10,IRCTC,Travel,1442.5,0
2026-01-10,Ola,Travel,587.65,0
2026-01-10,McDonalds,Food,10435.84,1
2026-01-11,Petrol Pump,Travel,50.0,0
2026-01-11,Pharmacy,Other,789.8,0
2026-01-11,Zara,Shopping,5595.95,0
2026-01-11,Amazon,Shopping,4891.41,0
2026-01-11,H&M,Shopping,2644.05,0
2026-01-12,Electricity Board,Utilities,1732.34,0
2026-01-12,Supermart,Food,1064.89,0
2026-01-12,Jio Fiber,Utilities,2468.79,0
2026-01-12,Zara,Shopping,1652.9,0
2026-01-12,IRCTC,Travel,50.0,0
2026-01-12,Petrol Pump,Travel,891.52,0
2026-01-12,H&M,Shopping,4731.92,0
2026-01-12,Swiggy,Food,698.48,0
2026-01-13,Myntra,Shopping,5218.76,0
2026-01-13,Myntra,Shopping,4098.75,0
2026-01-13,H&M,Shopping,7388.35,0
2026-01-13,McDonalds,Food,703.13,0
2026-01-13,Uber,Travel,962.95,0
2026-01-13,Apple Store,Shopping,50.0,0
2026-01-13,Hardware Store,Other,1524.72,0
2026-01-13,Spotify,Entertainment,1355.82,0
2026-01-14,Steam,Entertainment,879.33,0
2026-01-14,Starbucks,Food,50.0,0
2026-01-14,McDonalds,Food,261.35,0
2026-01-14,Zara,Shopping,3350.9,0
2026-01-14,McDonalds,Food,241.95,0
2026-01-14,Uber,Travel,50.0,0
2026-01-14,Supermart,Food,50.0,0
2026-01-14,Local Grocery,Food,1042.63,0
2026-01-14,Amazon,Shopping,4072.04,0
2026-01-15,Spotify,Entertainment,1084.72,0
2026-01-15,Water Bill,Utilities,37427.14,1
2026-01-15,Petrol Pump,Travel,50.0,0
2026-01-15,Local Grocery,Food,437.9,0
2026-01-15,Misc,Other,50.0,0
2026-01-15,MakeMyTrip,Travel,574.86,0
2026-01-15,Myntra,Shopping,2131.74,0
2026-01-15,Airtel,Utilities,1333.44,0
2026-01-15,Swiggy,Food,340.05,0
2026-01-15,Netflix,Entertainment,497.81,0
2026-01-16,IRCTC,Travel,688.67,0
2026-01-16,Misc,Other,50.0,0
2026-01-16,Starbucks,Food,760.18,0
2026-01-16,Pharmacy,Other,1707.24,0
2026-01-16,McDonalds,Food,342.59,0
2026-01-16,Spotify,Entertainment,1570.4,0
2026-01-16,Supermart,Food,651.86,0
2026-01-16,Ola,Travel,153.04,0
2026-01-16,Uber,Travel,956.86,0
2026-01-16,MakeMyTrip,Travel,831.89,0
2026-01-17,MakeMyTrip,Travel,50.0,0
2026-01-17,McDonalds,Food,285.87,0
2026-01-17,Petrol Pump,Travel,50.0,0
2026-01-17,MakeMyTrip,Travel,1021.45,0
2026-01-17,PVR Cinemas,Entertainment,1210.84,0
2026-01-17,Amazon,Shopping,3446.19,0
2026-01-17,Myntra,Shopping,3065.23,0
2026-01-17,Spotify,Entertainment,1605.43,0
2026-01-17,Electricity Board,Utilities,1860.56,0
2026-01-17,Apple Store,Shopping,2839.65,0
2026-01-18,Local Grocery,Food,725.56,0
2026-01-18,H&M,Shopping,3676.14,0
2026-01-18,McDonalds,Food,667.84,0
2026-01-18,Zara,Shopping,494.53,0
2026-01-18,MakeMyTrip,Travel,1050.92,0
2026-01-18,Supermart,Food,494.36,0
2026-01-18,Misc,Other,1033.06,0
2026-01-18,MakeMyTrip,Travel,960.35,0
2026-01-18,Supermart,Food,50.0,0
2026-01-18,Misc,Other,1651.18,0
2026-01-18,Water Bill,Utilities,2692.27,0
2026-01-18,Steam,Entertainment,943.87,0
2026-01-18,H&M,Shopping,6328.35,0
2026-01-18,Misc,Other,1656.39,0
2026-01-18,Zomato,Food,668.28,0
2026-01-19,Apple Store,Shopping,50.0,0
2026-01-19,Zomato,Food,947.7,0
2026-01-19,Myntra,Shopping,3353.14,0
2026-01-19,Indigo Airlines,Travel,98.87,0
2026-01-19,Indigo Airlines,Travel,371.05,0
2026-01-19,Hardware Store,Other,1679.68,0
2026-01-19,Jio Fiber,Utilities,2434.58,0
2026-01-19,Zara,Shopping,6704.16,0
2026-01-19,Apple Store,Shopping,3878.62,0
2026-01-19,BookMyShow,Entertainment,704.63,0
2026-01-19,Landlord,Rent,30000.0,0
2026-01-19,Water Bill,Utilities,1260.54,0
2026-01-19,Flipkart,Shopping,1371.0,0
2026-01-19,Flipkart,Shopping,6631.17,0
2026-01-19,Apple Store,Shopping,3102.3,0
2026-01-19,Swiggy,Food,422.12,0
2026-01-20,Electricity Board,Utilities,2243.94,0
2026-01-20,Myntra,Shopping,4954.56,0
2026-01-20,PVR Cinemas,Entertainment,657.51,0
2026-01-20,PVR Cinemas,Entertainment,740.75,0
2026-01-20,Petrol Pump,Travel,1106.12,0
2026-01-20,Zomato,Food,1125.16,0
2026-01-20,Petrol Pump,Travel,2237.08,0
2026-01-20,H&M,Shopping,1179.32,0
2026-01-20,Landlord,Rent,30000.0,0
2026-01-20,Supermart,Food,50.0,0
2026-01-20,Supermart,Food,50.0,0
2026-01-21,Local Grocery,Food,834.28,0
2026-01-21,Landlord,Rent,30000.0,0
2026-01-21,Landlord,Rent,30000.0,0
2026-01-21,Society Maintenance,Rent,30000.0,0
2026-01-21,Starbucks,Food,502.72,0
2026-01-21,Swiggy,Food,629.09,0
2026-01-21,Flipkart,Shopping,50.0,0
2026-01-21,Flipkart,Shopping,3958.59,0
2026-01-22,Local Grocery,Food,692.4,0
2026-01-22,Steam,Entertainment,1465.62,0
2026-01-22,Ola,Travel,1575.73,0
2026-01-22,Supermart,Food,291.15,0
2026-01-22,Amazon,Shopping,4251.66,0
2026-01-22,IRCTC,Travel,949.31,0
2026-01-22,IRCTC,Travel,1824.92,0
2026-01-22,Starbucks,Food,355.98,0
2026-01-22,Netflix,Entertainment,826.3,0
2026-01-22,Myntra,Shopping,9212.97,0
2026-01-22,Spotify,Entertainment,906.59,0
2026-01-22,Hardware Store,Other,757.46,0
2026-01-22,Ola,Travel,1522.78,0
2026-01-23,PVR Cinemas,Entertainment,1390.05,0
2026-01-23,Myntra,Shopping,50.0,0
2026-01-23,Myntra,Shopping,50.0,0
2026-01-23,IRCTC,Travel,1842.9,0
2026-01-23,Electricity Board,Utilities,1330.7,0
2026-01-23,Spotify,Entertainment,1179.39,0
2026-01-23,Zomato,Food,841.37,0
2026-01-24,Airtel,Utilities,2299.96,0
2026-01-24,Misc,Other,1006.3,0
2026-01-24,McDonalds,Food,186.7,0
2026-01-24,Society Maintenance,Rent,30000.0,0
2026-01-24,IRCTC,Travel,1943.4,0
2026-01-24,Apple Store,Shopping,7664.44,0
2026-01-24,Local Grocery,Food,392.54,0
2026-01-24,Ola,Travel,505.31,0
2026-01-24,Electricity Board,Utilities,2188.61,0
2026-01-24,Myntra,Shopping,50.0,0
2026-01-24,Flipkart,Shopping,3900.41,0
2026-01-25,Myntra,Shopping,4264.91,0
2026-01-25,Swiggy,Food,228.31,0
2026-01-25,Hardware Store,Other,503.32,0
2026-01-25,Spotify,Entertainment,1266.93,0
2026-01-25,H&M,Shopping,11233.95,1
2026-01-25,Supermart,Food,803.0,0
2026-01-25,Local Grocery,Food,308.94,0
2026-01-25,Starbucks,Food,478.44,0
2026-01-25,Steam,Entertainment,1213.91,0
2026-01-25,Starbucks,Food,576.44,0
2026-01-25,Hardware Store,Other,137.8,0
2026-01-25,IRCTC,Travel,245.23,0
2026-01-25,Electricity Board,Utilities,1887.84,0
2026-01-26,Supermart,Food,668.77,0
2026-01-26,MakeMyTrip,Travel,428.39,0
2026-01-26,Pharmacy,Other,802.26,0
2026-01-26,Spotify,Entertainment,131.16,0
2026-01-26,Starbucks,Food,328.28,0
2026-01-26,Zomato,Food,1151.36,0
2026-01-26,BookMyShow,Entertainment,187.92,0
2026-01-26,Myntra,Shopping,3192.05,0
2026-01-26,MakeMyTrip,Travel,694.96,0
2026-01-26,Jio Fiber,Utilities,2221.91,0
2026-01-26,Spotify,Entertainment,829.23,0
2026-01-27,Flipkart,Shopping,4297.18,0
2026-01-27,Amazon,Shopping,3173.36,0
2026-01-27,Indigo Airlines,Travel,465.65,0
2026-01-27,Spotify,Entertainment,437.46,0
2026-01-27,Jio Fiber,Utilities,1718.77,0
2026-01-27,Apple Store,Shopping,4426.5,0
2026-01-27,Supermart,Food,1221.74,0
2026-01-27,Ola,Travel,1243.74,0
2026-01-28,Uber,Travel,1015.37,0
2026-01-28,Electricity Board,Utilities,1919.82,0
2026-01-28,Landlord,Rent,30000.0,0
2026-01-28,BookMyShow,Entertainment,1151.67,0
2026-01-28,H&M,Shopping,50.0,0
2026-01-29,H&M,Shopping,2342.77,0
2026-01-29,Swiggy,Food,1010.16,0
2026-01-29,Society Maintenance,Rent,30000.0,0
2026-01-29,Flipkart,Shopping,5319.6,0
2026-01-29,Apple Store,Shopping,2901.73,0
2026-01-29,Zomato,Food,50.0,0
2026-01-29,Hardware Store,Other,1901.25,0
2026-01-29,Jio Fiber,Utilities,1874.58,0
2026-01-29,Netflix,Entertainment,309.78,0
2026-01-29,Amazon,Shopping,2389.8,0
2026-01-29,BookMyShow,Entertainment,2112.17,0
2026-01-29,Airtel,Utilities,2904.65,0
2026-01-29,Flipkart,Shopping,2933.72,0
2026-01-29,H&M,Shopping,4032.33,0
2026-01-29,Misc,Other,2302.77,0
2026-01-29,Society Maintenance,Rent,30000.0,0
2026-01-30,Supermart,Food,1455.35,0
2026-01-30,Zomato,Food,521.97,0
2026-01-30,Hardware Store,Other,50.0,0
2026-01-30,Swiggy,Food,50.0,0
2026-01-30,Apple Store,Shopping,4021.63,0
2026-01-30,Apple Store,Shopping,122.52,0
2026-01-30,Misc,Other,98.59,0
2026-01-31,Airtel,Utilities,2131.03,0
2026-01-31,Water Bill,Utilities,2534.19,0
2026-01-31,Society Maintenance,Rent,30000.0,0
2026-01-31,Flipkart,Shopping,630.27,0
2026-01-31,Misc,Other,1398.4,0
2026-01-31,McDonalds,Food,205.79,0
2026-01-31,Supermart,Food,50.0,0
2026-01-31,Swiggy,Food,296.41,0
2026-02-01,Supermart,Food,219.2,0
2026-02-01,Myntra,Shopping,50.0,0
2026-02-01,Flipkart,Shopping,2984.82,0
2026-02-01,PVR Cinemas,Entertainment,665.67,0
2026-02-01,Misc,Other,1120.32,0
2026-02-01,McDonalds,Food,926.19,0
2026-02-01,Local Grocery,Food,50.0,0
2026-02-01,Electricity Board,Utilities,2551.94,0
2026-02-01,Myntra,Shopping,1526.82,0
2026-02-01,Landlord,Rent,30000.0,0
2026-02-02,H&M,Shopping,3206.1,0
2026-02-02,Misc,Other,1193.06,0
2026-02-02,Jio Fiber,Utilities,1627.55,0
2026-02-02,Zomato,Food,889.02,0
2026-02-02,Zara,Shopping,2627.58,0
2026-02-02,Misc,Other,939.24,0
2026-02-02,Petrol Pump,Travel,50.0,0
2026-02-02,Flipkart,Shopping,2813.92,0
2026-02-02,Hardware Store,Other,2063.15,0
2026-02-02,Pharmacy,Other,1516.8,0
2026-02-02,Water Bill,Utilities,2298.22,0
2026-02-02,IRCTC,Travel,1242.72,0
2026-02-02,Jio Fiber,Utilities,1084.43,0
2026-02-03,Supermart,Food,256.66,0
2026-02-03,Ola,Travel,50.0,0
2026-02-03,Zara,Shopping,3075.08,0
2026-02-03,Zomato,Food,771.75,0
2026-02-03,Hardware Store,Other,2752.36,0
2026-02-03,H&M,Shopping,66980.28,1
2026-02-03,Water Bill,Utilities,2413.02,0
2026-02-03,Electricity Board,Utilities,1563.52,0
2026-02-04,Zara,Shopping,7488.03,0
2026-02-04,Zomato,Food,1005.48,0
2026-02-04,Amazon,Shopping,2194.2,0
2026-02-04,Apple Store,Shopping,2076.81,0
2026-02-04,Water Bill,Utilities,1933.68,0
2026-02-04,Pharmacy,Other,1030.35,0
2026-02-04,Flipkart,Shopping,3452.55,0
2026-02-04,Swiggy,Food,457.08,0
2026-02-04,Ola,Travel,464.35,0
2026-02-04,H&M,Shopping,3553.9,0
2026-02-04,Landlord,Rent,30000.0,0
2026-02-05,Local Grocery,Food,1018.8,0
2026-02-05,Pharmacy,Other,221.16,0
2026-02-05,Supermart,Food,1113.37,0
2026-02-05,Amazon,Shopping,2499.12,0
2026-02-05,Myntra,Shopping,6095.71,0
2026-02-05,Zomato,Food,861.61,0
2026-02-05,Petrol Pump,Travel,1079.4,0
2026-02-05,Jio Fiber,Utilities,2098.8,0
2026-02-05,Society Maintenance,Rent,30000.0,0
2026-02-06,Local Grocery,Food,377.76,0
2026-02-06,Zomato,Food,50.0,0
2026-02-06,Zara,Shopping,3001.71,0
2026-02-06,Zomato,Food,1144.89,0
2026-02-06,Supermart,Food,624.36,0
2026-02-06,Jio Fiber,Utilities,2536.49,0
2026-02-06,Supermart,Food,427.84,0
2026-02-07,Swiggy,Food,188.06,0
2026-02-07,Petrol Pump,Travel,599.8,0
2026-02-07,H&M,Shopping,3699.92,0
2026-02-07,PVR Cinemas,Entertainment,417.53,1
2026-02-07,Zomato,Food,1225.36,0
2026-02-07,Apple Store,Shopping,1525.26,0
2026-02-07,Misc,Other,297.39,0
2026-02-07,Landlord,Rent,30000.0,0
2026-02-07,Airtel,Utilities,1618.36,0
2026-02-07,Petrol Pump,Travel,50.0,0
2026-02-07,Supermart,Food,132.75,0
2026-02-07,Hardware Store,Other,1028.21,0
2026-02-07,PVR Cinemas,Entertainment,395.69,0
2026-02-08,Water Bill,Utilities,2067.15,0
2026-02-08,Starbucks,Food,579.58,0
2026-02-08,Myntra,Shopping,50.0,0
2026-02-08,Pharmacy,Other,1142.2,0
2026-02-08,Supermart,Food,578.92,0
2026-02-08,Society Maintenance,Rent,30000.0,0
2026-02-08,Pharmacy,Other,2027.28,0
2026-02-09,Ola,Travel,831.84,0
2026-02-09,Pharmacy,Other,1492.62,0
2026-02-09,Swiggy,Food,778.22,0
2026-02-09,H&M,Shopping,6050.71,0
2026-02-09,Starbucks,Food,519.0,0
2026-02-09,Electricity Board,Utilities,1098.43,0
2026-02-09,Pharmacy,Other,8148.86,1
2026-02-09,McDonalds,Food,635.42,0
2026-02-09,MakeMyTrip,Travel,392.75,0
2026-02-09,Society Maintenance,Rent,30000.0,0
2026-02-10,Zomato,Food,1108.4,0
2026-02-10,Electricity Board,Utilities,1025.31,0
2026-02-10,Starbucks,Food,530.38,0
2026-02-10,Pharmacy,Other,1793.63,0
2026-02-10,H&M,Shopping,23721.71,1
2026-02-10,MakeMyTrip,Travel,996.71,0
2026-02-10,H&M,Shopping,1065.53,0
2026-02-10,Apple Store,Shopping,8105.17,0
2026-02-10,Local Grocery,Food,846.3,0
2026-02-11,Water Bill,Utilities,1978.26,0
2026-02-11,Zomato,Food,1384.21,0
2026-02-11,Water Bill,Utilities,2761.56,0
2026-02-11,Misc,Other,1664.27,0
2026-02-11,Uber,Travel,2057.11,0
2026-02-11,Amazon,Shopping,3561.13,0
2026-02-12,Hardware Store,Other,50.0,0
2026-02-12,Netflix,Entertainment,2178.14,0
2026-02-12,Electricity Board,Utilities,1356.42,0
2026-02-12,Starbucks,Food,940.33,0
2026-02-12,Supermart,Food,50.0,0
2026-02-12,Petrol Pump,Travel,1987.52,0
2026-02-12,Zomato,Food,1076.51,0
2026-02-12,IRCTC,Travel,50.0,0
2026-02-12,Misc,Other,2816.55,0
2026-02-12,Myntra,Shopping,3205.71,0
2026-02-12,IRCTC,Travel,845.0,0
2026-02-12,Netflix,Entertainment,1574.55,0
2026-02-12,Netflix,Entertainment,1944.51,0
2026-02-13,Flipkart,Shopping,1661.66,0
2026-02-13,Netflix,Entertainment,620.66,0
2026-02-13,Local Grocery,Food,701.11,0
2026-02-13,Ola,Travel,486.02,0
2026-02-13,BookMyShow,Entertainment,1469.81,0
2026-02-13,Flipkart,Shopping,50.0,0
2026-02-13,Society Maintenance,Rent,30000.0,0
2026-02-13,Hardware Store,Other,543.72,0
2026-02-13,Ola,Travel,800.14,0
2026-02-13,Swiggy,Food,223.03,0
2026-02-13,Supermart,Food,921.56,0
2026-02-13,Amazon,Shopping,934.72,0
2026-02-13,IRCTC,Travel,1238.63,0
2026-02-14,Steam,Entertainment,1384.21,0
2026-02-14,Myntra,Shopping,5968.47,0
2026-02-14,Misc,Other,2076.34,0
2026-02-14,Netflix,Entertainment,1016.71,0
2026-02-14,Pharmacy,Other,1392.97,0
2026-02-14,Indigo Airlines,Travel,786.09,0
2026-02-14,Steam,Entertainment,50.0,0
2026-02-14,Misc,Other,776.83,0
2026-02-15,Local Grocery,Food,224.45,0
2026-02-15,Uber,Travel,506.4,0
2026-02-15,Electricity Board,Utilities,2515.14,0
2026-02-15,Local Grocery,Food,99.11,0
2026-02-15,Indigo Airlines,Travel,749.88,0
2026-02-15,Petrol Pump,Travel,956.72,0
2026-02-15,Flipkart,Shopping,5145.04,0
2026-02-15,Myntra,Shopping,4750.77,0
2026-02-15,MakeMyTrip,Travel,50.0,0
2026-02-15,Ola,Travel,1279.86,0
2026-02-15,Indigo Airlines,Travel,245.31,0
2026-02-15,Supermart,Food,1011.07,0
2026-02-15,Starbucks,Food,823.22,0
2026-02-16,Swiggy,Food,576.37,0
2026-02-16,Petrol Pump,Travel,1089.66,0
2026-02-16,BookMyShow,Entertainment,50.0,0
2026-02-16,Starbucks,Food,414.4,0
2026-02-16,Apple Store,Shopping,50.0,0
2026-02-16,Zomato,Food,227.45,0
2026-02-16,Myntra,Shopping,9395.5,0
2026-02-17,BookMyShow,Entertainment,50.0,0
2026-02-17,Amazon,Shopping,2270.6,0
2026-02-17,McDonalds,Food,292.7,0
2026-02-17,Swiggy,Food,651.76,0
2026-02-17,Swiggy,Food,369.32,0
2026-02-17,Supermart,Food,50.0,0
2026-02-17,Local Grocery,Food,50.0,0
2026-02-17,Electricity Board,Utilities,2121.9,0
2026-02-17,Flipkart,Shopping,615.15,0
2026-02-17,Misc,Other,1258.55,0
2026-02-17,Apple Store,Shopping,535.68,0
2026-02-17,Apple Store,Shopping,7978.88,0
2026-02-18,Local Grocery,Food,215.13,0
2026-02-18,Local Grocery,Food,244.9,0
2026-02-18,Swiggy,Food,982.6,0
2026-02-18,Swiggy,Food,850.94,0
2026-02-18,Petrol Pump,Travel,1540.68,0
2026-02-18,McDonalds,Food,425.14,0
2026-02-18,Jio Fiber,Utilities,2359.48,0
2026-02-18,Jio Fiber,Utilities,2104.83,0
2026-02-18,Apple Store,Shopping,6790.99,0
2026-02-18,Pharmacy,Other,1178.52,0
2026-02-18,Society Maintenance,Rent,30000.0,0
2026-02-19,Landlord,Rent,30000.0,0
2026-02-19,Water Bill,Utilities,1884.8,0
2026-02-19,Electricity Board,Utilities,1885.23,0
2026-02-19,Local Grocery,Food,618.63,0
2026-02-19,Electricity Board,Utilities,1913.46,0
2026-02-19,Landlord,Rent,30000.0,0
2026-02-19,Water Bill,Utilities,1758.41,0
2026-02-19,Steam,Entertainment,1054.85,0
2026-02-19,Amazon,Shopping,3008.44,0
2026-02-19,Ola,Travel,105.81,0
2026-02-19,Hardware Store,Other,3071.65,0
2026-02-20,Flipkart,Shopping,2452.25,0
2026-02-20,IRCTC,Travel,50.0,0
2026-02-20,Zomato,Food,1054.54,0
2026-02-20,Flipkart,Shopping,1725.48,0
2026-02-20,Myntra,Shopping,1874.84,0
2026-02-20,Zomato,Food,573.87,0
2026-02-20,PVR Cinemas,Entertainment,308.81,0
2026-02-20,Indigo Airlines,Travel,601.81,1
2026-02-20,Jio Fiber,Utilities,2954.71,0
2026-02-21,Hardware Store,Other,585.38,0
2026-02-21,Petrol Pump,Travel,50.0,0
2026-02-21,Local Grocery,Food,206.74,0
2026-02-21,Supermart,Food,10005.41,1
2026-02-21,Local Grocery,Food,561.8,0
2026-02-21,MakeMyTrip,Travel,1075.66,0
2026-02-21,McDonalds,Food,50.0,0
2026-02-21,Supermart,Food,903.01,0
2026-02-21,Supermart,Food,748.63,0
2026-02-21,Starbucks,Food,405.63,0
2026-02-21,Society Maintenance,Rent,30000.0,0
2026-02-21,Electricity Board,Utilities,2052.18,0
2026-02-21,Indigo Airlines,Travel,713.19,0
2026-02-21,BookMyShow,Entertainment,1231.33,0
2026-02-21,Jio Fiber,Utilities,1870.23,0
2026-02-22,Netflix,Entertainment,1938.5,0
2026-02-22,Myntra,Shopping,4745.56,0
2026-02-22,Zomato,Food,108.49,0
2026-02-22,Supermart,Food,807.54,0
2026-02-22,Spotify,Entertainment,1683.18,0
2026-02-22,McDonalds,Food,977.09,0
2026-02-22,Uber,Travel,900.06,0
2026-02-22,Zomato,Food,2041.09,0
2026-02-22,Local Grocery,Food,157.4,0
2026-02-22,McDonalds,Food,72.99,0
2026-02-22,Apple Store,Shopping,3919.05,0
2026-02-23,Steam,Entertainment,784.89,0
2026-02-23,Zara,Shopping,2393.3,0
2026-02-23,Zomato,Food,302.5,0
2026-02-23,Flipkart,Shopping,7256.29,0
2026-02-23,Misc,Other,50.0,0
2026-02-23,Starbucks,Food,129.32,0
2026-02-23,Petrol Pump,Travel,2028.83,0
2026-02-23,Amazon,Shopping,50.0,0
2026-02-23,H&M,Shopping,3254.64,0
2026-02-23,Spotify,Entertainment,1087.52,0
2026-02-23,Starbucks,Food,210.4,0
2026-02-24,Apple Store,Shopping,1815.4,0
2026-02-24,Local Grocery,Food,403.51,0
2026-02-24,Swiggy,Food,50.0,0
2026-02-24,Local Grocery,Food,108.11,0
2026-02-24,Local Grocery,Food,622.1,0
2026-02-24,Zara,Shopping,1672.57,0
2026-02-24,Zomato,Food,587.66,0
2026-02-24,Zomato,Food,50.0,0
2026-02-25,Local Grocery,Food,614.22,0
2026-02-25,Swiggy,Food,581.29,0
2026-02-25,Water Bill,Utilities,2326.15,0
2026-02-25,H&M,Shopping,4549.28,0
2026-02-26,Swiggy,Food,279.53,0
2026-02-26,Water Bill,Utilities,2457.7,0
2026-02-26,Amazon,Shopping,2835.62,0
2026-02-26,Supermart,Food,738.96,0
2026-02-26,BookMyShow,Entertainment,50.0,0
2026-02-26,Local Grocery,Food,110.65,0
2026-02-26,Misc,Other,693.75,0
2026-02-26,Hardware Store,Other,739.51,0
2026-02-27,Hardware Store,Other,500.98,0
2026-02-27,Airtel,Utilities,1613.67,0
2026-02-27,Starbucks,Food,50.0,0
2026-02-27,Petrol Pump,Travel,694.09,0
2026-02-27,Apple Store,Shopping,261.82,0
2026-02-27,H&M,Shopping,50.0,0
2026-02-27,Supermart,Food,532.73,0
2026-02-27,McDonalds,Food,1092.78,0
2026-02-28,Spotify,Entertainment,1307.36,0
2026-02-28,Uber,Travel,577.85,0
2026-02-28,Ola,Travel,18776.02,1
2026-02-28,Water Bill,Utilities,1441.41,0
2026-02-28,Petrol Pump,Travel,1188.86,0
2026-02-28,Indigo Airlines,Travel,555.52,0
2026-02-28,Pharmacy,Other,50.0,0
2026-02-28,Petrol Pump,Travel,79.44,0
2026-02-28,Hardware Store,Other,709.73,0
2026-02-28,Flipkart,Shopping,116.62,0
2026-02-28,Misc,Other,177.86,0
2026-02-28,Jio Fiber,Utilities,1592.31,0
2026-02-28,Spotify,Entertainment,1482.6,0
2026-02-28,Starbucks,Food,50.0,0
2026-03-01,Zomato,Food,50.0,0
2026-03-01,H&M,Shopping,2746.8,0
2026-03-01,Netflix,Entertainment,1385.8,0
2026-03-01,IRCTC,Travel,50.0,0
2026-03-01,Zara,Shopping,3426.04,0
2026-03-01,Uber,Travel,743.39,0
2026-03-01,H&M,Shopping,4897.42,0
2026-03-01,Swiggy,Food,552.28,0
2026-03-01,Local Grocery,Food,509.8,0
2026-03-01,Steam,Entertainment,2305.93,0
2026-03-01,McDonalds,Food,674.62,0
2026-03-01,Myntra,Shopping,3232.11,0
2026-03-02,Jio Fiber,Utilities,1816.49,0
2026-03-02,Pharmacy,Other,1656.13,0
2026-03-02,Airtel,Utilities,1878.47,0
2026-03-02,Society Maintenance,Rent,30000.0,0
2026-03-02,Petrol Pump,Travel,1140.33,0
2026-03-02,Swiggy,Food,50.0,0
2026-03-02,Electricity Board,Utilities,2623.87,0
2026-03-02,Supermart,Food,1195.54,0
2026-03-02,Swiggy,Food,710.61,0
2026-03-02,Flipkart,Shopping,2861.13,0
2026-03-02,Starbucks,Food,567.22,0
2026-03-02,Electricity Board,Utilities,1620.62,0
2026-03-02,Starbucks,Food,1116.84,0
2026-03-02,McDonalds,Food,765.88,0
2026-03-02,Pharmacy,Other,1194.93,0
2026-03-02,Apple Store,Shopping,3527.54,0
2026-03-03,Pharmacy,Other,248.53,0
2026-03-03,Steam,Entertainment,1474.02,0
2026-03-03,Supermart,Food,628.83,0
2026-03-03,Water Bill,Utilities,2389.83,0
2026-03-03,Society Maintenance,Rent,30000.0,0
2026-03-03,Ola,Travel,1809.1,0
2026-03-03,Jio Fiber,Utilities,2877.47,0
2026-03-03,Zara,Shopping,50.0,0
2026-03-04,Water Bill,Utilities,1813.37,0
2026-03-04,Apple Store,Shopping,50.0,0
2026-03-04,McDonalds,Food,50.0,0
2026-03-04,Petrol Pump,Travel,813.73,0
2026-03-04,Airtel,Utilities,1991.69,0
2026-03-04,BookMyShow,Entertainment,2440.75,0
2026-03-04,Starbucks,Food,810.96,0
2026-03-04,Pharmacy,Other,975.04,0
2026-03-04,Misc,Other,938.05,0
2026-03-04,Supermart,Food,508.32,0
2026-03-04,Landlord,Rent,30000.0,0
2026-03-04,McDonalds,Food,50.0,0
2026-03-04,Zara,Shopping,2933.99,0
2026-03-04,Swiggy,Food,657.78,0
2026-03-05,Uber,Travel,460.29,0
2026-03-05,Amazon,Shopping,1067.81,0
2026-03-05,Misc,Other,238.47,0
2026-03-05,Spotify,Entertainment,1467.53,0
2026-03-05,Indigo Airlines,Travel,50.0,0
2026-03-06,H&M,Shopping,5865.07,0
2026-03-06,Petrol Pump,Travel,869.76,0
2026-03-06,Petrol Pump,Travel,50.0,0
2026-03-06,Amazon,Shopping,50.0,0
2026-03-06,Swiggy,Food,284.1,0
2026-03-06,Water Bill,Utilities,2480.15,0
2026-03-06,Flipkart,Shopping,4367.74,0
2026-03-06,Landlord,Rent,30000.0,0
2026-03-06,Uber,Travel,1563.6,0
2026-03-06,Local Grocery,Food,406.34,0
2026-03-06,Local Grocery,Food,484.97,0
2026-03-07,Steam,Entertainment,663.48,0
2026-03-07,Swiggy,Food,880.01,0
2026-03-07,Spotify,Entertainment,597.62,0
2026-03-07,Jio Fiber,Utilities,1991.79,0
2026-03-07,Apple Store,Shopping,528.52,0
2026-03-07,Airtel,Utilities,1764.37,0
2026-03-08,Petrol Pump,Travel,879.46,0
2026-03-08,PVR Cinemas,Entertainment,1395.76,0
2026-03-08,Petrol Pump,Travel,1578.88,0
2026-03-08,Starbucks,Food,1146.23,0
2026-03-08,Swiggy,Food,245.86,0
2026-03-08,Electricity Board,Utilities,2111.14,0
2026-03-08,Water Bill,Utilities,2079.93,0
2026-03-08,Ola,Travel,1124.3,0
2026-03-09,Starbucks,Food,240.98,0
2026-03-09,Local Grocery,Food,667.88,0
2026-03-09,PVR Cinemas,Entertainment,50.0,0
2026-03-09,MakeMyTrip,Travel,154.31,0
2026-03-09,Amazon,Shopping,2892.94,0
2026-03-09,BookMyShow,Entertainment,50.0,0
2026-03-09,Zomato,Food,714.6,0
2026-03-09,Zomato,Food,759.08,0
2026-03-09,Electricity Board,Utilities,1979.92,0
2026-03-09,Misc,Other,911.35,0
2026-03-09,Netflix,Entertainment,50.0,0
2026-03-09,MakeMyTrip,Travel,142.38,0
2026-03-09,Indigo Airlines,Travel,50.0,0
2026-03-09,BookMyShow,Entertainment,1417.02,0
2026-03-09,PVR Cinemas,Entertainment,2341.11,0
2026-03-09,Swiggy,Food,858.02,0
2026-03-10,Supermart,Food,725.84,0
2026-03-10,Apple Store,Shopping,1508.97,0
2026-03-10,Pharmacy,Other,958.89,0
2026-03-10,H&M,Shopping,5763.81,0
2026-03-10,H&M,Shopping,4317.24,0
2026-03-10,Landlord,Rent,30000.0,0
2026-03-10,Supermart,Food,387.29,0
2026-03-10,Myntra,Shopping,3859.05,0
2026-03-10,Electricity Board,Utilities,25975.62,1
2026-03-10,Starbucks,Food,573.34,0
2026-03-10,Supermart,Food,777.14,0
2026-03-10,Starbucks,Food,1470.69,0
2026-03-10,Uber,Travel,688.04,0
2026-03-11,Steam,Entertainment,337.93,0
2026-03-11,Spotify,Entertainment,1737.32,0
2026-03-11,Myntra,Shopping,1629.28,0
2026-03-11,Society Maintenance,Rent,30000.0,0
2026-03-11,Ola,Travel,833.66,0
2026-03-11,Zara,Shopping,8412.64,0
2026-03-11,Indigo Airlines,Travel,950.3,0
2026-03-11,Starbucks,Food,450.51,0
2026-03-11,Swiggy,Food,152.13,0
2026-03-12,Water Bill,Utilities,2764.37,0
2026-03-12,Pharmacy,Other,855.02,0
2026-03-12,Starbucks,Food,440.02,0
2026-03-12,Apple Store,Shopping,4678.35,0
2026-03-12,Uber,Travel,1369.91,0
2026-03-12,Supermart,Food,442.26,0
2026-03-12,Ola,Travel,1018.16,0
2026-03-12,McDonalds,Food,572.57,0
2026-03-13,IRCTC,Travel,316.62,0
2026-03-13,Airtel,Utilities,1415.66,0
2026-03-13,Pharmacy,Other,190.32,0
2026-03-13,Apple Store,Shopping,4385.14,0
2026-03-13,McDonalds,Food,578.01,0
2026-03-13,Landlord,Rent,30000.0,0
2026-03-13,H&M,Shopping,6555.92,0
2026-03-13,McDonalds,Food,260.25,0
2026-03-14,Electricity Board,Utilities,1757.91,0
2026-03-14,Amazon,Shopping,2274.31,0
2026-03-14,Jio Fiber,Utilities,1633.48,0
2026-03-14,Spotify,Entertainment,50.0,0
2026-03-14,Uber,Travel,864.23,0
2026-03-14,Swiggy,Food,208.16,0
2026-03-14,McDonalds,Food,622.94,0
2026-03-14,Landlord,Rent,30000.0,0
2026-03-14,Local Grocery,Food,792.78,0
2026-03-15,Netflix,Entertainment,1417.55,0
2026-03-15,Petrol Pump,Travel,50.0,0
2026-03-15,Starbucks,Food,515.2,0
2026-03-15,Electricity Board,Utilities,1773.38,0
2026-03-15,Spotify,Entertainment,2234.59,0
2026-03-15,Amazon,Shopping,622.72,0
2026-03-15,Zara,Shopping,7140.52,0
2026-03-15,Zara,Shopping,3563.27,0
2026-03-15,MakeMyTrip,Travel,1275.26,0
2026-03-15,Starbucks,Food,670.18,0
2026-03-16,Starbucks,Food,887.27,0
2026-03-16,Myntra,Shopping,3609.88,0
2026-03-16,Myntra,Shopping,3183.29,0
2026-03-16,Flipkart,Shopping,2537.74,0
2026-03-16,McDonalds,Food,690.82,0
2026-03-16,Airtel,Utilities,2467.84,0
2026-03-16,Petrol Pump,Travel,1216.61,0
2026-03-16,Supermart,Food,507.05,0
2026-03-16,H&M,Shopping,50.0,0
2026-03-16,McDonalds,Food,336.28,0
2026-03-16,Amazon,Shopping,3498.56,0
2026-03-17,Zomato,Food,1137.27,0
2026-03-17,Flipkart,Shopping,1756.07,0
2026-03-17,Jio Fiber,Utilities,2021.91,0
2026-03-17,H&M,Shopping,1481.32,0
2026-03-17,Petrol Pump,Travel,20393.24,1
2026-03-17,McDonalds,Food,854.92,0
2026-03-17,Water Bill,Utilities,2692.14,0
2026-03-17,Local Grocery,Food,50.0,0
2026-03-17,H&M,Shopping,7108.45,0
2026-03-17,Society Maintenance,Rent,30000.0,0
2026-03-17,Hardware Store,Other,960.1,0
2026-03-18,Myntra,Shopping,220.08,0
2026-03-18,IRCTC,Travel,767.16,0
2026-03-18,Petrol Pump,Travel,1033.7,0
2026-03-18,Flipkart,Shopping,4929.49,0
2026-03-18,Starbucks,Food,684.99,0
2026-03-18,McDonalds,Food,1335.38,0
2026-03-18,Starbucks,Food,769.14,0
2026-03-18,H&M,Shopping,50.0,0
2026-03-18,Airtel,Utilities,2229.99,0
2026-03-18,Starbucks,Food,882.06,0
2026-03-19,Amazon,Shopping,2508.83,0
2026-03-19,Myntra,Shopping,1455.9,0
2026-03-19,Society Maintenance,Rent,30000.0,0
2026-03-19,McDonalds,Food,515.78,0
2026-03-19,Airtel,Utilities,1686.34,0
2026-03-19,Zomato,Food,50.0,0
2026-03-19,McDonalds,Food,871.3,0
2026-03-19,Netflix,Entertainment,50.0,0
2026-03-19,Starbucks,Food,673.91,0
2026-03-19,Misc,Other,1717.47,0
2026-03-19,Netflix,Entertainment,238.15,0
2026-03-19,Petrol Pump,Travel,429.97,0
2026-03-20,Hardware Store,Other,50.0,0
2026-03-20,Airtel,Utilities,2574.64,0
2026-03-20,Pharmacy,Other,576.82,0
2026-03-20,Zara,Shopping,50.0,0
2026-03-20,Airtel,Utilities,13659.26,1
2026-03-21,Landlord,Rent,30000.0,0
2026-03-21,Zara,Shopping,2019.73,0
2026-03-21,BookMyShow,Entertainment,830.67,0
2026-03-21,Hardware Store,Other,1469.36,0
2026-03-21,Landlord,Rent,30000.0,0
2026-03-21,Zomato,Food,425.25,0
2026-03-21,Landlord,Rent,30000.0,0
2026-03-21,Uber,Travel,9923.62,1
2026-03-21,MakeMyTrip,Travel,738.34,0
2026-03-21,MakeMyTrip,Travel,1213.46,0
2026-03-21,Indigo Airlines,Travel,457.81,0
2026-03-21,H&M,Shopping,1498.94,0
2026-03-21,Landlord,Rent,30000.0,0
2026-03-21,Amazon,Shopping,50.0,0
2026-03-21,Apple Store,Shopping,5122.76,0
2026-03-21,Zomato,Food,583.79,0
2026-03-21,Hardware Store,Other,1340.71,0
2026-03-21,Uber,Travel,583.55,0
2026-03-22,Indigo Airlines,Travel,1102.55,0
2026-03-22,Uber,Travel,1567.58,0
2026-03-22,Apple Store,Shopping,4478.61,0
2026-03-22,McDonalds,Food,50.0,0
2026-03-22,Zomato,Food,383.32,0
2026-03-22,Zara,Shopping,4372.21,0
2026-03-22,Starbucks,Food,396.38,0
2026-03-22,Hardware Store,Other,25532.85,1
2026-03-22,Spotify,Entertainment,1326.89,0
2026-03-22,Zomato,Food,518.79,0
2026-03-22,Misc,Other,50.0,0
2026-03-22,Petrol Pump,Travel,50.0,0
2026-03-22,Amazon,Shopping,6313.58,0
2026-03-22,Local Grocery,Food,50.0,0
2026-03-22,Uber,Travel,1779.55,0
2026-03-23,Society Maintenance,Rent,30000.0,0
2026-03-23,Myntra,Shopping,50.0,0
2026-03-23,Hardware Store,Other,817.12,0
2026-03-23,Landlord,Rent,30000.0,0
2026-03-23,Society Maintenance,Rent,30000.0,0
2026-03-23,Amazon,Shopping,1305.64,0
2026-03-23,MakeMyTrip,Travel,907.61,0
2026-03-23,Zomato,Food,772.09,0
2026-03-24,Zomato,Food,160.06,0
2026-03-24,Local Grocery,Food,980.03,0
2026-03-24,Petrol Pump,Travel,752.98,0
2026-03-24,Airtel,Utilities,2214.81,0
2026-03-24,Electricity Board,Utilities,2498.82,0
2026-03-24,Water Bill,Utilities,1594.57,0
2026-03-25,Pharmacy,Other,99.16,0
2026-03-25,Steam,Entertainment,50.0,0
2026-03-25,Zomato,Food,50.0,0
2026-03-25,Jio Fiber,Utilities,27824.71,1
2026-03-25,Starbucks,Food,656.19,0
2026-03-25,Society Maintenance,Rent,30000.0,0
2026-03-25,Hardware Store,Other,594.45,0
2026-03-25,Zomato,Food,72.95,0
2026-03-25,McDonalds,Food,679.45,0
2026-03-25,Hardware Store,Other,958.78,0
2026-03-25,McDonalds,Food,796.98,0
2026-03-25,Flipkart,Shopping,3989.5,0
2026-03-26,McDonalds,Food,848.93,0
2026-03-26,Supermart,Food,791.05,0
2026-03-26,Supermart,Food,470.42,0
2026-03-26,Local Grocery,Food,1302.44,0
2026-03-26,McDonalds,Food,948.74,0
2026-03-26,Starbucks,Food,467.39,0
2026-03-26,Local Grocery,Food,296.31,0
2026-03-27,Local Grocery,Food,50.0,0
2026-03-27,Swiggy,Food,796.85,0
2026-03-27,Zomato,Food,359.43,0
2026-03-27,Amazon,Shopping,50.0,0
2026-03-27,Jio Fiber,Utilities,957.05,0
2026-03-27,Flipkart,Shopping,2226.13,0
2026-03-27,Landlord,Rent,30000.0,0
2026-03-27,Misc,Other,50.0,0
2026-03-27,Zara,Shopping,4223.14,0
2026-03-27,Hardware Store,Other,762.1,0
2026-03-27,H&M,Shopping,5562.77,0
2026-03-27,Steam,Entertainment,753.57,0
2026-03-27,Uber,Travel,50.0,0
2026-03-27,Misc,Other,289.78,0
2026-03-28,Swiggy,Food,50.0,0
2026-03-28,Flipkart,Shopping,7212.54,0
2026-03-28,Spotify,Entertainment,50.0,0
2026-03-28,Zara,Shopping,2037.64,0
2026-03-28,Swiggy,Food,1171.47,0
2026-03-28,Zara,Shopping,4004.28,0
2026-03-29,Pharmacy,Other,292.91,0
2026-03-29,Swiggy,Food,269.29,0
2026-03-29,Steam,Entertainment,463.5,0
2026-03-29,Local Grocery,Food,922.42,0
2026-03-29,Flipkart,Shopping,5063.54,0
2026-03-29,MakeMyTrip,Travel,1970.8,0
2026-03-29,Apple Store,Shopping,50.0,0
2026-03-29,Amazon,Shopping,2910.9,0
2026-03-29,Spotify,Entertainment,266.0,0
2026-03-30,Zomato,Food,50.0,0
2026-03-30,Myntra,Shopping,2010.8,0
2026-03-30,Petrol Pump,Travel,775.7,0
2026-03-30,Spotify,Entertainment,489.93,0
2026-03-30,Misc,Other,851.77,0
2026-03-30,Landlord,Rent,30000.0,0
2026-03-30,Swiggy,Food,386.25,0
2026-03-30,Jio Fiber,Utilities,788.06,0
2026-03-30,Local Grocery,Food,466.91,0
2026-03-30,Amazon,Shopping,5849.7,0
2026-03-30,Water Bill,Utilities,2288.99,0
2026-03-30,Amazon,Shopping,938.47,0
2026-03-30,Local Grocery,Food,1588.07,0
2026-03-31,MakeMyTrip,Travel,928.35,0
2026-03-31,Amazon,Shopping,4670.85,0
2026-03-31,Electricity Board,Utilities,3280.04,0
2026-03-31,Jio Fiber,Utilities,2210.49,0
2026-03-31,Amazon,Shopping,233.69,0
2026-03-31,PVR Cinemas,Entertainment,1240.38,0
2026-03-31,Zomato,Food,549.42,0
2026-03-31,Pharmacy,Other,50.0,0
2026-04-01,Apple Store,Shopping,4379.35,0
2026-04-01,H&M,Shopping,1131.97,0
2026-04-01,Flipkart,Shopping,50.0,0
2026-04-01,Misc,Other,647.96,0
2026-04-01,Hardware Store,Other,1484.48,0
2026-04-01,MakeMyTrip,Travel,1118.32,0
2026-04-01,Starbucks,Food,570.21,0
2026-04-01,Misc,Other,5825.77,1
2026-04-01,Zomato,Food,148.67,0
2026-04-01,Starbucks,Food,1061.35,0
2026-04-01,Jio Fiber,Utilities,1279.97,0
2026-04-01,Netflix,Entertainment,1944.1,0
2026-04-01,Supermart,Food,892.71,0
2026-04-01,Swiggy,Food,422.04,0
2026-04-01,Supermart,Food,677.71,0
2026-04-02,Supermart,Food,583.35,0
2026-04-02,Supermart,Food,50.0,0
2026-04-02,Supermart,Food,57.72,0
2026-04-02,Spotify,Entertainment,50.0,0
2026-04-02,IRCTC,Travel,331.65,0
2026-04-02,Indigo Airlines,Travel,1500.41,0
2026-04-02,McDonalds,Food,975.61,0
2026-04-02,McDonalds,Food,293.08,0
2026-04-02,Myntra,Shopping,3601.88,0
2026-04-02,McDonalds,Food,1167.96,0
2026-04-02,Swiggy,Food,377.91,0
2026-04-02,Electricity Board,Utilities,1244.06,0
2026-04-03,Swiggy,Food,10267.14,1
2026-04-03,Water Bill,Utilities,2215.02,0
2026-04-03,Electricity Board,Utilities,2484.78,0
2026-04-03,Apple Store,Shopping,5588.61,0
2026-04-03,Starbucks,Food,157.26,0
2026-04-03,Myntra,Shopping,3196.44,0
2026-04-03,Flipkart,Shopping,2582.2,0
2026-04-03,Local Grocery,Food,787.37,0
2026-04-04,Local Grocery,Food,50.0,0
2026-04-04,Local Grocery,Food,286.91,0
2026-04-04,Local Grocery,Food,565.72,0
2026-04-04,Hardware Store,Other,1843.19,0
2026-04-04,McDonalds,Food,274.37,0
2026-04-04,H&M,Shopping,8859.14,0
2026-04-04,Zara,Shopping,4708.06,0
2026-04-04,Jio Fiber,Utilities,1438.25,0
2026-04-05,BookMyShow,Entertainment,1060.64,0
2026-04-05,Uber,Travel,808.75,0
2026-04-05,Pharmacy,Other,1900.35,0
2026-04-05,Starbucks,Food,50.0,0
2026-04-05,Supermart,Food,669.62,0
2026-04-05,Swiggy,Food,1113.1,0
2026-04-05,Supermart,Food,419.49,1
2026-04-05,Society Maintenance,Rent,30000.0,0
2026-04-05,Ola,Travel,1355.99,0
2026-04-05,Pharmacy,Other,2207.3,0
2026-04-05,Electricity Board,Utilities,2331.07,0
2026-04-06,H&M,Shopping,6421.58,0
2026-04-06,Zomato,Food,610.94,0
2026-04-06,Pharmacy,Other,1078.25,0
2026-04-06,Uber,Travel,1372.44,0
2026-04-06,Myntra,Shopping,275.92,0
2026-04-06,Landlord,Rent,30000.0,0
2026-04-06,Supermart,Food,636.24,0
2026-04-06,Flipkart,Shopping,50.0,0
2026-04-06,Hardware Store,Other,1797.49,0
2026-04-06,Electricity Board,Utilities,1601.55,0
2026-04-06,Swiggy,Food,563.1,0
2026-04-06,Landlord,Rent,30000.0,0
2026-04-06,Swiggy,Food,740.85,0
2026-04-06,Zomato,Food,464.35,0
2026-04-07,H&M,Shopping,2794.62,0
2026-04-07,H&M,Shopping,6630.29,0
2026-04-07,Misc,Other,1190.7,0
2026-04-07,Flipkart,Shopping,6986.26,0
2026-04-07,Apple Store,Shopping,2443.81,0
2026-04-07,Myntra,Shopping,7318.86,0
2026-04-07,Jio Fiber,Utilities,1734.87,0
2026-04-07,McDonalds,Food,214.26,0
2026-04-08,Supermart,Food,200.61,0
2026-04-08,Apple Store,Shopping,50.0,0
2026-04-08,Landlord,Rent,30000.0,0
2026-04-08,Zara,Shopping,6587.72,0
2026-04-08,McDonalds,Food,50.0,0
2026-04-09,Amazon,Shopping,3807.92,0
2026-04-09,H&M,Shopping,50.0,0
2026-04-09,Swiggy,Food,175.6,0
2026-04-09,Water Bill,Utilities,2664.58,0
2026-04-10,IRCTC,Travel,50.0,0
2026-04-10,Swiggy,Food,411.39,0
2026-04-10,Supermart,Food,420.82,0
2026-04-10,Airtel,Utilities,2855.31,0
2026-04-10,Supermart,Food,717.32,0
2026-04-10,H&M,Shopping,384.7,0
2026-04-10,MakeMyTrip,Travel,364.11,0
2026-04-10,Myntra,Shopping,1918.07,0
2026-04-10,Indigo Airlines,Travel,1188.92,0
2026-04-10,BookMyShow,Entertainment,628.31,0
2026-04-10,Zomato,Food,50.0,0
2026-04-10,Supermart,Food,422.54,0
2026-04-10,Airtel,Utilities,1224.24,0
2026-04-10,Petrol Pump,Travel,1398.89,0
2026-04-10,Swiggy,Food,233.12,0
2026-04-11,Flipkart,Shopping,5086.88,0
2026-04-11,Starbucks,Food,731.85,0
2026-04-11,Swiggy,Food,50.0,0
2026-04-11,Zomato,Food,564.2,0
2026-04-11,Hardware Store,Other,1263.29,0
2026-04-11,Supermart,Food,857.48,0
2026-04-11,Myntra,Shopping,1230.83,0
2026-04-11,Misc,Other,1712.31,0
2026-04-11,Airtel,Utilities,2538.0,0
2026-04-11,IRCTC,Travel,125.37,0
2026-04-11,Indigo Airlines,Travel,349.54,0
2026-04-11,Starbucks,Food,689.88,0
2026-04-11,Starbucks,Food,1241.64,0
2026-04-11,Petrol Pump,Travel,511.45,0
2026-04-11,Apple Store,Shopping,2922.35,0
2026-04-11,Supermart,Food,164.31,0
2026-04-11,Myntra,Shopping,3918.7,0
2026-04-11,Uber,Travel,967.58,0
2026-04-11,Apple Store,Shopping,50.0,0
2026-04-11,IRCTC,Travel,1072.41,0
2026-04-12,BookMyShow,Entertainment,1518.97,0
2026-04-12,Supermart,Food,576.63,0
2026-04-12,Zara,Shopping,1040.59,0
2026-04-12,Pharmacy,Other,1627.68,0
2026-04-12,Swiggy,Food,533.67,0
2026-04-13,Hardware Store,Other,1487.12,0
2026-04-13,Uber,Travel,1664.33,0
2026-04-13,Petrol Pump,Travel,572.62,0
2026-04-13,Swiggy,Food,50.0,0
2026-04-13,McDonalds,Food,255.13,0
2026-04-13,Water Bill,Utilities,1603.74,0
2026-04-13,Zomato,Food,840.03,0
2026-04-13,Starbucks,Food,10905.59,1
2026-04-13,Misc,Other,432.45,0
2026-04-13,Petrol Pump,Travel,1680.0,0
2026-04-13,Swiggy,Food,311.23,0
2026-04-13,McDonalds,Food,219.95,0
2026-04-14,Starbucks,Food,439.95,0
2026-04-14,McDonalds,Food,176.68,0
2026-04-14,Hardware Store,Other,1510.98,0
2026-04-14,Pharmacy,Other,441.44,0
2026-04-14,Myntra,Shopping,4358.48,0
2026-04-14,Pharmacy,Other,588.91,0
2026-04-14,Myntra,Shopping,4160.92,0
2026-04-14,Supermart,Food,917.66,0
2026-04-15,Petrol Pump,Travel,50.0,0
2026-04-15,McDonalds,Food,890.08,0
2026-04-15,Hardware Store,Other,680.29,0
2026-04-15,Starbucks,Food,405.38,0
2026-04-15,PVR Cinemas,Entertainment,180.78,0
2026-04-15,Starbucks,Food,692.83,0
2026-04-15,BookMyShow,Entertainment,168.08,0
2026-04-15,Petrol Pump,Travel,50.0,0
2026-04-15,Petrol Pump,Travel,50.0,0
2026-04-15,Swiggy,Food,409.69,0
2026-04-16,Ola,Travel,1347.49,0
2026-04-16,Misc,Other,31694.33,1
2026-04-16,Swiggy,Food,420.72,0
2026-04-16,Landlord,Rent,30000.0,0
2026-04-16,Jio Fiber,Utilities,1607.55,0
2026-04-16,Swiggy,Food,50.0,0
2026-04-16,Steam,Entertainment,1277.16,0
2026-04-17,Society Maintenance,Rent,30000.0,0
2026-04-17,Myntra,Shopping,3276.34,0
2026-04-17,Swiggy,Food,1018.35,0
2026-04-17,MakeMyTrip,Travel,929.3,0
2026-04-17,Petrol Pump,Travel,50.0,0
2026-04-17,IRCTC,Travel,897.34,0
2026-04-17,Water Bill,Utilities,1610.45,0
2026-04-17,Zara,Shopping,3446.74,0
2026-04-17,Airtel,Utilities,2097.3,0
2026-04-17,Petrol Pump,Travel,831.05,0
2026-04-17,McDonalds,Food,50.98,0
2026-04-18,McDonalds,Food,50.0,0
2026-04-18,Myntra,Shopping,3656.4,0
2026-04-18,MakeMyTrip,Travel,947.9,0
2026-04-18,H&M,Shopping,5148.96,0
2026-04-18,Jio Fiber,Utilities,2371.05,0
2026-04-18,Pharmacy,Other,2956.6,0
2026-04-18,Landlord,Rent,30000.0,0
2026-04-18,Local Grocery,Food,445.05,0
2026-04-18,Starbucks,Food,132.23,0
2026-04-18,Apple Store,Shopping,9888.04,0
2026-04-19,Petrol Pump,Travel,50.0,0
2026-04-19,PVR Cinemas,Entertainment,1935.67,0
2026-04-19,Airtel,Utilities,2248.2,0
2026-04-20,Petrol Pump,Travel,50.0,0
2026-04-20,Zara,Shopping,4507.97,0
2026-04-20,H&M,Shopping,1806.47,0
2026-04-20,Hardware Store,Other,1423.84,0
2026-04-20,Apple Store,Shopping,2631.99,0
2026-04-20,Myntra,Shopping,3967.02,0
2026-04-20,Zomato,Food,1055.34,0
2026-04-20,Netflix,Entertainment,117.13,0
2026-04-20,Steam,Entertainment,1627.2,0
2026-04-20,Steam,Entertainment,1245.58,0
2026-04-20,Airtel,Utilities,1733.65,0
2026-04-21,Uber,Travel,50.0,0
2026-04-21,Swiggy,Food,581.9,0
2026-04-21,Myntra,Shopping,4180.01,0
2026-04-21,BookMyShow,Entertainment,1241.24,0
2026-04-21,Misc,Other,538.48,0
2026-04-21,Misc,Other,952.38,0
2026-04-21,Supermart,Food,229.93,0
2026-04-21,Amazon,Shopping,3737.43,0
2026-04-21,Apple Store,Shopping,6526.15,0
2026-04-21,Water Bill,Utilities,2348.19,0
2026-04-22,Indigo Airlines,Travel,755.81,0
2026-04-22,Myntra,Shopping,3580.63,0
2026-04-22,Myntra,Shopping,4449.64,0
2026-04-22,Flipkart,Shopping,142.45,0
2026-04-22,Swiggy,Food,408.24,0
2026-04-22,Flipkart,Shopping,4694.81,0
2026-04-22,IRCTC,Travel,378.45,0
2026-04-22,Uber,Travel,376.07,0
2026-04-22,Hardware Store,Other,287.75,0
2026-04-23,Flipkart,Shopping,4467.14,0
2026-04-23,Supermart,Food,635.04,0
2026-04-23,H&M,Shopping,6868.76,0
2026-04-23,Spotify,Entertainment,467.66,0
2026-04-24,Zomato,Food,272.07,0
2026-04-24,Hardware Store,Other,2801.95,0
2026-04-24,Airtel,Utilities,2064.31,0
2026-04-24,Steam,Entertainment,1650.56,0
2026-04-24,Flipkart,Shopping,5049.81,0
2026-04-24,Myntra,Shopping,744.87,0
2026-04-24,Apple Store,Shopping,50.0,0
2026-04-24,Starbucks,Food,616.36,0
2026-04-24,McDonalds,Food,349.92,0
2026-04-24,Netflix,Entertainment,1304.93,0
2026-04-24,Uber,Travel,484.99,0
2026-04-25,Starbucks,Food,1230.4,0
2026-04-25,Society Maintenance,Rent,30000.0,0
2026-04-25,H&M,Shopping,50.0,0
2026-04-25,Starbucks,Food,77.96,0
2026-04-25,Pharmacy,Other,50.0,0
2026-04-25,Starbucks,Food,557.44,0
2026-04-25,Steam,Entertainment,642.79,0
2026-04-25,Zomato,Food,149.75,0
2026-04-25,Airtel,Utilities,1707.55,0
2026-04-25,Steam,Entertainment,2088.53,0
2026-04-25,Apple Store,Shopping,50.0,0
2026-04-26,Amazon,Shopping,1081.63,0
2026-04-26,IRCTC,Travel,64.56,0
2026-04-26,Pharmacy,Other,912.99,0
2026-04-26,IRCTC,Travel,1930.76,0
2026-04-26,PVR Cinemas,Entertainment,2994.4,0
2026-04-26,Landlord,Rent,30000.0,0
2026-04-26,Misc,Other,1399.75,0
2026-04-27,Landlord,Rent,30000.0,0
2026-04-27,Local Grocery,Food,337.25,0
2026-04-27,Hardware Store,Other,323.88,0
2026-04-27,Flipkart,Shopping,3510.97,0
2026-04-27,Starbucks,Food,1056.8,0
2026-04-27,Swiggy,Food,410.61,0
2026-04-27,Zomato,Food,474.93,0
2026-04-27,Flipkart,Shopping,1480.45,0
2026-04-27,Swiggy,Food,880.62,0
2026-04-27,BookMyShow,Entertainment,1112.71,0
2026-04-27,Zara,Shopping,3145.52,0
2026-04-28,Hardware Store,Other,1584.77,0
2026-04-28,Pharmacy,Other,2176.94,0
2026-04-28,MakeMyTrip,Travel,755.07,0
2026-04-28,Apple Store,Shopping,3921.83,0
2026-04-28,Landlord,Rent,30000.0,0
2026-04-28,Myntra,Shopping,1375.43,0
2026-04-28,Starbucks,Food,1217.82,0
2026-04-28,Misc,Other,1242.11,0
2026-04-29,Airtel,Utilities,1520.61,0
2026-04-29,Supermart,Food,614.71,0
2026-04-29,Ola,Travel,1017.92,0
2026-04-29,Zomato,Food,760.45,0
2026-04-29,McDonalds,Food,717.34,0
2026-04-29,Steam,Entertainment,1073.4,0
2026-04-29,Supermart,Food,88.08,0
2026-04-29,Indigo Airlines,Travel,50.0,0
2026-04-29,Supermart,Food,1323.0,0
2026-04-29,Misc,Other,2293.04,0
2026-04-29,Starbucks,Food,462.65,0
2026-04-29,H&M,Shopping,5949.31,0
2026-04-29,Spotify,Entertainment,2722.55,0
2026-04-30,Steam,Entertainment,50.0,0
2026-04-30,BookMyShow,Entertainment,1512.38,0
2026-04-30,Supermart,Food,1232.58,0
2026-04-30,Steam,Entertainment,1578.26,0
2026-04-30,Supermart,Food,154.6,0
2026-04-30,McDonalds,Food,315.74,0
2026-04-30,Zomato,Food,987.18,0
2026-04-30,Starbucks,Food,893.73,0
2026-04-30,McDonalds,Food,677.68,0
2026-04-30,McDonalds,Food,396.46,0
2026-04-30,Indigo Airlines,Travel,50.0,0
2026-04-30,Spotify,Entertainment,212.28,0
2026-04-30,Water Bill,Utilities,2202.03,0
2026-04-30,Swiggy,Food,366.37,0
2026-05-01,Supermart,Food,1001.25,0
2026-05-01,Swiggy,Food,689.36,0
2026-05-01,Pharmacy,Other,571.36,0
2026-05-01,IRCTC,Travel,1863.5,0
2026-05-01,Flipkart,Shopping,7638.76,0
2026-05-01,Flipkart,Shopping,3221.02,0
2026-05-01,Ola,Travel,50.0,0
2026-05-01,Flipkart,Shopping,1634.9,0
2026-05-01,H&M,Shopping,1671.96,0
2026-05-01,MakeMyTrip,Travel,102.93,0
2026-05-02,Ola,Travel,1817.37,0
2026-05-02,Zomato,Food,635.4,0
2026-05-02,Local Grocery,Food,1113.79,0
2026-05-02,Hardware Store,Other,11940.81,1
2026-05-02,Zara,Shopping,3810.9,0
2026-05-02,Flipkart,Shopping,5857.06,0
2026-05-02,Petrol Pump,Travel,50.0,0
2026-05-02,Spotify,Entertainment,50.0,0
2026-05-02,Flipkart,Shopping,3485.13,0
2026-05-02,MakeMyTrip,Travel,823.81,0
2026-05-02,Zomato,Food,803.81,0
2026-05-02,Ola,Travel,59.09,0
2026-05-03,Hardware Store,Other,415.26,0
2026-05-03,Zomato,Food,594.25,0
2026-05-03,Apple Store,Shopping,4324.23,0
2026-05-03,Flipkart,Shopping,1118.91,0
2026-05-03,Local Grocery,Food,365.5,0
2026-05-03,Apple Store,Shopping,5116.93,0
2026-05-03,Hardware Store,Other,998.08,0
2026-05-03,Hardware Store,Other,1184.56,0
2026-05-03,Steam,Entertainment,1899.29,0
2026-05-03,Uber,Travel,738.15,0
2026-05-03,McDonalds,Food,705.7,0
2026-05-04,Landlord,Rent,30000.0,0
2026-05-04,Netflix,Entertainment,50.0,0
2026-05-04,Local Grocery,Food,122.98,0
2026-05-04,Supermart,Food,1057.27,0
2026-05-04,Misc,Other,1303.81,0
2026-05-04,Petrol Pump,Travel,765.77,0
2026-05-04,Spotify,Entertainment,1068.55,0
2026-05-04,Amazon,Shopping,5771.76,0
2026-05-04,Landlord,Rent,30000.0,0
2026-05-05,Starbucks,Food,423.59,0
2026-05-05,Water Bill,Utilities,2597.52,0
2026-05-05,Zomato,Food,610.68,0
2026-05-05,Local Grocery,Food,723.92,0
2026-05-05,Amazon,Shopping,383.04,1
2026-05-05,McDonalds,Food,963.73,0
2026-05-05,Flipkart,Shopping,50.0,0
2026-05-05,Ola,Travel,2216.52,0
2026-05-06,Hardware Store,Other,931.14,0
2026-05-06,Airtel,Utilities,3066.52,0
2026-05-06,Netflix,Entertainment,1543.31,0
2026-05-06,Local Grocery,Food,50.0,0
2026-05-06,MakeMyTrip,Travel,1480.1,0
2026-05-06,Petrol Pump,Travel,1387.54,0
2026-05-06,Landlord,Rent,30000.0,0
2026-05-06,Petrol Pump,Travel,1515.06,0
2026-05-06,Misc,Other,1027.32,0
2026-05-06,McDonalds,Food,50.0,0
2026-05-07,Pharmacy,Other,745.0,0
2026-05-07,Supermart,Food,50.0,0
2026-05-07,Hardware Store,Other,1442.43,0
2026-05-07,Zara,Shopping,443.02,0
2026-05-07,Misc,Other,50.0,0
2026-05-07,Zara,Shopping,3032.07,0
2026-05-07,Starbucks,Food,690.15,0
2026-05-07,Indigo Airlines,Travel,1894.39,0
2026-05-07,Swiggy,Food,109.85,0
2026-05-08,Water Bill,Utilities,2257.81,0
2026-05-08,Hardware Store,Other,2081.76,0
2026-05-08,Starbucks,Food,50.0,0
2026-05-08,McDonalds,Food,850.42,0
2026-05-08,Netflix,Entertainment,6894.48,1
2026-05-08,Swiggy,Food,282.35,0
2026-05-08,Swiggy,Food,652.52,0
2026-05-08,Swiggy,Food,50.0,0
2026-05-09,McDonalds,Food,3424.94,1
2026-05-09,Spotify,Entertainment,745.83,0
2026-05-09,Zara,Shopping,1116.46,0
2026-05-09,Netflix,Entertainment,1717.65,0
2026-05-09,Zara,Shopping,2855.95,0
2026-05-09,Local Grocery,Food,256.09,0
2026-05-09,Zomato,Food,745.11,0
2026-05-09,Starbucks,Food,184.89,0
2026-05-10,McDonalds,Food,454.11,0
2026-05-10,Airtel,Utilities,1720.54,0
2026-05-10,Petrol Pump,Travel,251.37,0
2026-05-10,Pharmacy,Other,1763.2,0
2026-05-10,Swiggy,Food,565.59,1
2026-05-10,Netflix,Entertainment,2035.26,1
2026-05-10,Starbucks,Food,474.94,0
2026-05-10,Airtel,Utilities,2389.67,0
2026-05-10,Steam,Entertainment,884.39,0
2026-05-10,Pharmacy,Other,1365.4,0
2026-05-11,Pharmacy,Other,412.66,0
2026-05-11,Airtel,Utilities,1721.29,0
2026-05-11,Hardware Store,Other,1020.31,0
2026-05-11,Electricity Board,Utilities,1478.71,0
2026-05-11,Electricity Board,Utilities,1280.86,0
2026-05-11,Starbucks,Food,239.99,0
2026-05-11,Local Grocery,Food,616.38,0
2026-05-12,Zara,Shopping,2829.69,0
2026-05-12,McDonalds,Food,90.33,0
2026-05-12,Supermart,Food,705.51,0
2026-05-12,Electricity Board,Utilities,1421.44,0
2026-05-12,Electricity Board,Utilities,2360.84,0
2026-05-12,Flipkart,Shopping,5207.77,0
2026-05-12,H&M,Shopping,4581.02,0
2026-05-12,Spotify,Entertainment,2048.25,0
2026-05-12,H&M,Shopping,375.86,0
2026-05-12,Zomato,Food,238.53,0
2026-05-13,Swiggy,Food,885.94,0
2026-05-13,H&M,Shopping,2224.23,0
2026-05-13,Swiggy,Food,687.71,0
2026-05-13,Swiggy,Food,98.99,0
2026-05-13,Apple Store,Shopping,7454.5,0
2026-05-13,McDonalds,Food,1504.62,0
2026-05-13,Hardware Store,Other,50.0,0
2026-05-13,Apple Store,Shopping,5577.5,0
2026-05-14,H&M,Shopping,50.0,0
2026-05-14,Society Maintenance,Rent,30000.0,0
2026-05-14,Starbucks,Food,593.29,0
2026-05-14,Zomato,Food,670.2,0
2026-05-14,Starbucks,Food,376.32,0
2026-05-14,McDonalds,Food,426.31,1
2026-05-14,Local Grocery,Food,380.06,0
2026-05-14,Spotify,Entertainment,1364.71,0
2026-05-14,Hardware Store,Other,1126.47,0
2026-05-14,Ola,Travel,619.84,0
2026-05-14,Electricity Board,Utilities,1952.77,0
2026-05-14,Local Grocery,Food,400.59,0
2026-05-14,Zara,Shopping,2856.51,0
2026-05-14,IRCTC,Travel,1713.84,0
2026-05-15,Airtel,Utilities,2687.85,0
2026-05-15,Apple Store,Shopping,3850.13,0
2026-05-15,Zomato,Food,143.52,0
2026-05-15,H&M,Shopping,4507.74,0
2026-05-15,Landlord,Rent,30000.0,0
2026-05-15,Airtel,Utilities,1696.75,0
2026-05-15,Starbucks,Food,907.06,0
2026-05-15,Zomato,Food,954.93,0
2026-05-16,Local Grocery,Food,802.16,0
2026-05-16,PVR Cinemas,Entertainment,1838.97,0
2026-05-16,Local Grocery,Food,642.25,0
2026-05-16,Zomato,Food,828.76,0
2026-05-16,IRCTC,Travel,543.45,0
2026-05-16,Zara,Shopping,3778.13,0
2026-05-16,BookMyShow,Entertainment,2262.49,0
2026-05-16,Local Grocery,Food,586.65,0
2026-05-16,Steam,Entertainment,1746.07,0
2026-05-16,IRCTC,Travel,103.96,0
2026-05-16,PVR Cinemas,Entertainment,1665.29,0
2026-05-16,Electricity Board,Utilities,1969.5,0
2026-05-16,Petrol Pump,Travel,50.0,0
2026-05-17,PVR Cinemas,Entertainment,1545.09,0
2026-05-17,Steam,Entertainment,1735.26,0
2026-05-17,Society Maintenance,Rent,30000.0,0
2026-05-17,Water Bill,Utilities,1892.2,0
2026-05-17,Starbucks,Food,50.0,0
2026-05-17,Flipkart,Shopping,3188.38,1
2026-05-17,Steam,Entertainment,417.54,0
2026-05-17,Flipkart,Shopping,3366.78,0
2026-05-17,Airtel,Utilities,1615.0,0
2026-05-17,MakeMyTrip,Travel,962.29,0
2026-05-18,Pharmacy,Other,942.72,0
2026-05-18,BookMyShow,Entertainment,1030.59,0
2026-05-18,Myntra,Shopping,8188.5,0
2026-05-18,Airtel,Utilities,1616.67,0
2026-05-18,H&M,Shopping,2976.75,0
2026-05-18,Steam,Entertainment,50.0,0
2026-05-18,Apple Store,Shopping,4111.51,0
2026-05-18,Flipkart,Shopping,2568.0,0
2026-05-18,McDonalds,Food,788.45,0
2026-05-18,IRCTC,Travel,50.0,0
2026-05-18,Supermart,Food,655.35,0
2026-05-18,Swiggy,Food,632.93,0
2026-05-18,McDonalds,Food,287.42,0
2026-05-18,Starbucks,Food,50.0,0
2026-05-18,Misc,Other,1230.98,0
2026-05-18,BookMyShow,Entertainment,650.62,0
2026-05-19,Jio Fiber,Utilities,1774.42,0
2026-05-19,Apple Store,Shopping,3523.84,0
2026-05-19,Misc,Other,2951.8,0
2026-05-19,Landlord,Rent,30000.0,0
2026-05-19,Local Grocery,Food,772.09,0
2026-05-19,Steam,Entertainment,50.0,0
2026-05-19,Zara,Shopping,446.92,0
2026-05-19,BookMyShow,Entertainment,1671.73,0
2026-05-19,Landlord,Rent,30000.0,0
2026-05-19,Supermart,Food,699.29,0
2026-05-19,Zomato,Food,675.39,0
2026-05-19,Swiggy,Food,50.0,0
2026-05-19,Swiggy,Food,7514.22,1
2026-05-19,Water Bill,Utilities,2819.98,0
2026-05-19,Apple Store,Shopping,4847.03,0
2026-05-20,Supermart,Food,162.7,0
2026-05-20,Misc,Other,1408.96,0
2026-05-20,Water Bill,Utilities,1852.3,0
2026-05-20,Petrol Pump,Travel,50.0,0
2026-05-20,Ola,Travel,1066.14,0
2026-05-20,Swiggy,Food,90.24,0
2026-05-20,Indigo Airlines,Travel,2482.39,0
2026-05-20,Ola,Travel,50.0,0
2026-05-20,Hardware Store,Other,886.68,0
2026-05-20,McDonalds,Food,671.27,0
2026-05-20,Electricity Board,Utilities,1905.44,0
2026-05-21,McDonalds,Food,756.22,0
2026-05-21,Zomato,Food,461.88,0
2026-05-21,H&M,Shopping,756.86,0
2026-05-21,Landlord,Rent,30000.0,0
2026-05-21,Supermart,Food,848.88,0
2026-05-21,Starbucks,Food,669.44,0
2026-05-21,Pharmacy,Other,1378.08,0
2026-05-22,Apple Store,Shopping,2577.95,0
2026-05-22,Water Bill,Utilities,2996.26,0
2026-05-22,PVR Cinemas,Entertainment,1510.93,0
2026-05-22,Steam,Entertainment,50.0,0
2026-05-23,Uber,Travel,809.75,0
2026-05-23,Supermart,Food,760.61,0
2026-05-23,Ola,Travel,50.0,0
2026-05-23,McDonalds,Food,643.11,0
2026-05-23,Amazon,Shopping,2075.97,0
2026-05-23,Zomato,Food,801.89,0
2026-05-23,Zomato,Food,50.0,0
2026-05-23,Zara,Shopping,3211.26,0
2026-05-24,Zara,Shopping,4858.16,0
2026-05-24,Petrol Pump,Travel,1548.84,0
2026-05-24,Misc,Other,50.0,0
2026-05-24,Supermart,Food,507.74,0
2026-05-24,Swiggy,Food,136.9,0
2026-05-24,Swiggy,Food,691.78,0
2026-05-24,H&M,Shopping,829.35,0
2026-05-24,Society Maintenance,Rent,30000.0,0
2026-05-24,Jio Fiber,Utilities,2257.65,0
2026-05-24,Zomato,Food,165.58,0
2026-05-25,Flipkart,Shopping,2646.19,0
2026-05-25,Zara,Shopping,3421.15,0
2026-05-25,Electricity Board,Utilities,2255.08,0
2026-05-25,Starbucks,Food,462.82,0
2026-05-25,Zomato,Food,340.93,0
2026-05-25,Supermart,Food,8257.42,1
2026-05-25,Flipkart,Shopping,1466.49,0
2026-05-25,Apple Store,Shopping,50.0,0
2026-05-25,Flipkart,Shopping,7087.67,0
2026-05-26,Swiggy,Food,969.1,0
2026-05-26,Netflix,Entertainment,973.42,0
2026-05-26,PVR Cinemas,Entertainment,1034.88,0
2026-05-26,Supermart,Food,542.3,0
2026-05-26,McDonalds,Food,157.53,0
2026-05-26,Apple Store,Shopping,1114.31,0
2026-05-26,Uber,Travel,143.52,0
2026-05-26,Zara,Shopping,2589.16,0
2026-05-27,Spotify,Entertainment,2671.63,0
2026-05-27,Indigo Airlines,Travel,2584.31,0
2026-05-27,Supermart,Food,613.32,0
2026-05-27,Zomato,Food,63.92,0
2026-05-27,BookMyShow,Entertainment,50.0,0
2026-05-27,Landlord,Rent,30000.0,0
2026-05-27,Flipkart,Shopping,1481.61,0
2026-05-27,Spotify,Entertainment,1368.22,0
2026-05-27,Swiggy,Food,50.0,0
2026-05-28,H&M,Shopping,562.98,0
2026-05-28,Hardware Store,Other,55.35,0
2026-05-28,Indigo Airlines,Travel,1140.23,0
2026-05-28,Local Grocery,Food,511.27,0
2026-05-28,Zomato,Food,104.16,0
2026-05-28,Swiggy,Food,755.22,0
2026-05-28,MakeMyTrip,Travel,1399.48,0
2026-05-29,Zomato,Food,985.24,0
2026-05-29,Swiggy,Food,1071.54,0
2026-05-29,Petrol Pump,Travel,261.6,0
2026-05-29,Flipkart,Shopping,607.12,0
2026-05-29,Petrol Pump,Travel,609.84,0
2026-05-29,Local Grocery,Food,607.44,0
2026-05-29,Myntra,Shopping,50.0,0
2026-05-29,Airtel,Utilities,2434.58,0
2026-05-30,Pharmacy,Other,730.76,0
2026-05-30,Steam,Entertainment,342.06,0
2026-05-30,Ola,Travel,1283.1,0
2026-05-30,Electricity Board,Utilities,1882.8,0
2026-05-30,Jio Fiber,Utilities,2760.66,0
2026-05-30,Water Bill,Utilities,2103.63,0
2026-05-30,Supermart,Food,919.82,0
2026-05-30,Hardware Store,Other,490.15,0
2026-05-30,Misc,Other,318.09,0
2026-05-30,Amazon,Shopping,50.0,0
2026-05-31,Jio Fiber,Utilities,2497.22,0
2026-05-31,Water Bill,Utilities,1908.4,0
2026-05-31,Water Bill,Utilities,3043.02,0
2026-05-31,Hardware Store,Other,1206.2,0
2026-05-31,Zomato,Food,507.54,0
2026-05-31,Supermart,Food,199.21,0
2026-05-31,IRCTC,Travel,1156.03,0
2026-05-31,Jio Fiber,Utilities,2174.3,0
